source_archive,source_path,source_sha256,classification,current_repository_equivalent,proposed_destination,action,conflict_status,reason,dependencies,validation,rollback,approval_needed,decision_id,resolution_status,transition_phase
AZPR-v10.1-final-deliverables.zip,AZPR-autonomous-execution-primed-draft-v10.1-reports.zip,f6c26f3dc745bd9ddba6e47039433bbf0b6687cda64a9b134ce775c4a659c228,REPORT_ONLY,,,DEFER,NONE,Frozen outer delivery member remains at the supplied parent location; do not duplicate it in the repository.,verified nested archive disposition rows,SHA-256 and containing archive manifest,No repository write; remove only task-created extraction after preserving reports.,NO,BASELINE-DISPOSITION,NO_APPROVAL_REQUIRED,H0_PREPARATION
AZPR-v10.1-final-deliverables.zip,AZPR-autonomous-execution-primed-draft-v10.1-reports.zip.sha256,2517c051ee410cd14d0786ae898db467421145896752117159125c7aae217ed3,VERIFICATION_ONLY,,,DEFER,NONE,Frozen outer delivery member remains at the supplied parent location; do not duplicate it in the repository.,human-approved mapping if later integrated,SHA-256 and containing archive manifest,No repository write; remove only task-created extraction after preserving reports.,NO,BASELINE-DISPOSITION,NO_APPROVAL_REQUIRED,H0_PREPARATION
AZPR-v10.1-final-deliverables.zip,AZPR-autonomous-execution-primed-draft-v10.1.zip,618449d73fd921e0fb366c0aed8c9a666b2ead3847e529a6ced9692fe41e2b24,VERIFICATION_ONLY,,,DEFER,NONE,Frozen outer delivery member remains at the supplied parent location; do not duplicate it in the repository.,verified nested archive disposition rows,SHA-256 and containing archive manifest,No repository write; remove only task-created extraction after preserving reports.,NO,BASELINE-DISPOSITION,NO_APPROVAL_REQUIRED,H0_PREPARATION
AZPR-v10.1-final-deliverables.zip,AZPR-autonomous-execution-primed-draft-v10.1.zip.sha256,b13a8fb1d3aa2b2919d7f8aadab30477bbf3d4bf5b0f452493cf06c8ec988d71,VERIFICATION_ONLY,,,DEFER,NONE,Frozen outer delivery member remains at the supplied parent location; do not duplicate it in the repository.,human-approved mapping if later integrated,SHA-256 and containing archive manifest,No repository write; remove only task-created extraction after preserving reports.,NO,BASELINE-DISPOSITION,NO_APPROVAL_REQUIRED,H0_PREPARATION
AZPR-v10.1-final-deliverables.zip,AZPR-v10.1-delivery-manifest.json,2a73fb38db3aa2e05244ea502a0703d14ed205b4b0c157a64d0a939e7b31d635,VERIFICATION_ONLY,,,DEFER,NONE,Frozen outer delivery member remains at the supplied parent location; do not duplicate it in the repository.,human-approved mapping if later integrated,SHA-256 and containing archive manifest,No repository write; remove only task-created extraction after preserving reports.,NO,BASELINE-DISPOSITION,NO_APPROVAL_REQUIRED,H0_PREPARATION
AZPR-v10.1-final-deliverables.zip,AZPR-v10.1-delivery-manifest.json.sha256,c0b1e6cfaa2b8bf89dc701507ecbace4aa5b8ae8f0b802e3da3ca555428d2c41,VERIFICATION_ONLY,,,DEFER,NONE,Frozen outer delivery member remains at the supplied parent location; do not duplicate it in the repository.,human-approved mapping if later integrated,SHA-256 and containing archive manifest,No repository write; remove only task-created extraction after preserving reports.,NO,BASELINE-DISPOSITION,NO_APPROVAL_REQUIRED,H0_PREPARATION
AZPR-v10.1-final-deliverables.zip,AZPR-v10.1-fresh-extraction-verification.json,f95105126defe64fbab809e9b1513af8b02b812a9c5a21fd7691a9cb9d13f60c,VERIFICATION_ONLY,,,DEFER,NONE,Frozen outer delivery member remains at the supplied parent location; do not duplicate it in the repository.,human-approved mapping if later integrated,SHA-256 and containing archive manifest,No repository write; remove only task-created extraction after preserving reports.,NO,BASELINE-DISPOSITION,NO_APPROVAL_REQUIRED,H0_PREPARATION
AZPR-v10.1-final-deliverables.zip,AZPR-v10.1-release-verification-summary.md,7a153dcd7649bafd6aca09b40ffc6cd472635f1769b9231910da2a2612762117,VERIFICATION_ONLY,,,DEFER,NONE,Frozen outer delivery member remains at the supplied parent location; do not duplicate it in the repository.,human-approved mapping if later integrated,SHA-256 and containing archive manifest,No repository write; remove only task-created extraction after preserving reports.,NO,BASELINE-DISPOSITION,NO_APPROVAL_REQUIRED,H0_PREPARATION
AZPR-v10.1-final-deliverables.zip,AZPR-v10.1-release-verification.json,766f94f80227125afd4394ec1fd0a49f987a2e044c4af02c7fd00564f7ddeaba,VERIFICATION_ONLY,,,DEFER,NONE,Frozen outer delivery member remains at the supplied parent location; do not duplicate it in the repository.,human-approved mapping if later integrated,SHA-256 and containing archive manifest,No repository write; remove only task-created extraction after preserving reports.,NO,BASELINE-DISPOSITION,NO_APPROVAL_REQUIRED,H0_PREPARATION
AZPR-v10.1-final-deliverables.zip,AZPR-v10.1-source-tree-verification.json,c4309758b92f6a62d5df04020557ff2cdf7eb12c22ae545ca9d22af12b2c912a,VERIFICATION_ONLY,,,DEFER,NONE,Frozen outer delivery member remains at the supplied parent location; do not duplicate it in the repository.,human-approved mapping if later integrated,SHA-256 and containing archive manifest,No repository write; remove only task-created extraction after preserving reports.,NO,BASELINE-DISPOSITION,NO_APPROVAL_REQUIRED,H0_PREPARATION
AZPR-v10.1-final-deliverables.zip,V10.1-FINAL-VERIFICATION-RECORD.md,ddd3389535f664ad93cb942dbd36dfacb8dd67bba594c2ce7e4d9275a3ff6cae,VERIFICATION_ONLY,,,DEFER,NONE,Frozen outer delivery member remains at the supplied parent location; do not duplicate it in the repository.,human-approved mapping if later integrated,SHA-256 and containing archive manifest,No repository write; remove only task-created extraction after preserving reports.,NO,BASELINE-DISPOSITION,NO_APPROVAL_REQUIRED,H0_PREPARATION
AZPR-v10.1-final-deliverables.zip,markdown-prompts-autonomous-priming-draft-v10.1.zip,3b235cb7e33ca409241ff26523f60f8fee89cec524b3f09e91a69927a0aa4880,REPOSITORY_PROMPT,,,DEFER,NONE,Frozen outer delivery member remains at the supplied parent location; do not duplicate it in the repository.,verified nested archive disposition rows,SHA-256 and containing archive manifest,No repository write; remove only task-created extraction after preserving reports.,NO,BASELINE-DISPOSITION,NO_APPROVAL_REQUIRED,H0_PREPARATION
AZPR-v10.1-final-deliverables.zip,markdown-prompts-autonomous-priming-draft-v10.1.zip.sha256,23a898bb95368ad842a280e4220d9d495932a07b2d34e1c83fd74caa69f7a353,VERIFICATION_ONLY,,,DEFER,NONE,Frozen outer delivery member remains at the supplied parent location; do not duplicate it in the repository.,human-approved mapping if later integrated,SHA-256 and containing archive manifest,No repository write; remove only task-created extraction after preserving reports.,NO,BASELINE-DISPOSITION,NO_APPROVAL_REQUIRED,H0_PREPARATION
AZPR-autonomous-execution-primed-draft-v10.1.zip,CURRENT-DOCUMENT-INDEX.json,76243b1fee34b055c7c2dab28401eecb3a2aeef0b40b0b39c9877b62322ec029,REPORT_ONLY,,,QUARANTINE,NONE,Retain only archive/hash provenance; the implementation-root duplicate is not repository authority.,delivery identity; frozen report-tree copy when applicable,SHA-256 and containing archive manifest,No repository write; remove only task-created extraction after preserving reports.,NO,MAP-PROVENANCE-REFERENCE-ONLY,READY_FOR_APPROVAL,H0_PREPARATION
AZPR-autonomous-execution-primed-draft-v10.1.zip,KNOWN-LIMITATIONS-AND-QUALIFICATION-DEPENDENCIES.md,8e84114e607a61afa8fef48bdd3e907048b362e0f4398a43d90c7f90a04ae605,REPORT_ONLY,,,QUARANTINE,NONE,Retain only archive/hash provenance; the implementation-root duplicate is not repository authority.,delivery identity; frozen report-tree copy when applicable,SHA-256 and containing archive manifest,No repository write; remove only task-created extraction after preserving reports.,NO,MAP-PROVENANCE-REFERENCE-ONLY,READY_FOR_APPROVAL,H0_PREPARATION
AZPR-autonomous-execution-primed-draft-v10.1.zip,MAJOR-CHANGES.md,23407216a60264f3e4b42bb9e9dd5c5eec22a65ee0ee5b48d92d31206d251c01,REPORT_ONLY,,,QUARANTINE,NONE,Retain only archive/hash provenance; the implementation-root duplicate is not repository authority.,delivery identity; frozen report-tree copy when applicable,SHA-256 and containing archive manifest,No repository write; remove only task-created extraction after preserving reports.,NO,MAP-PROVENANCE-REFERENCE-ONLY,READY_FOR_APPROVAL,H0_PREPARATION
AZPR-autonomous-execution-primed-draft-v10.1.zip,README.md,35465084c089a00f4af55b1b7d7e59e59d014b0c557be15c311b1459d6dd4776,REPORT_ONLY,,,QUARANTINE,NONE,Retain only archive/hash provenance; the implementation-root duplicate is not repository authority.,delivery identity; frozen report-tree copy when applicable,SHA-256 and containing archive manifest,No repository write; remove only task-created extraction after preserving reports.,NO,MAP-PROVENANCE-REFERENCE-ONLY,READY_FOR_APPROVAL,H0_PREPARATION
AZPR-autonomous-execution-primed-draft-v10.1.zip,REMEDIATION-STATUS.json,703b9934f0d20eb147621b7871b4b510aaedb96df1c082442c3eaf0174ca23fd,REPORT_ONLY,,,QUARANTINE,NONE,Retain only archive/hash provenance; the implementation-root duplicate is not repository authority.,delivery identity; frozen report-tree copy when applicable,SHA-256 and containing archive manifest,No repository write; remove only task-created extraction after preserving reports.,NO,MAP-PROVENANCE-REFERENCE-ONLY,READY_FOR_APPROVAL,H0_PREPARATION
AZPR-autonomous-execution-primed-draft-v10.1.zip,SECURITY-DECISIONS.md,e2a29719389b66bc745c0cbaea3ab8de163ac2e48f3f225ce2d27556dee3638d,REPORT_ONLY,,,QUARANTINE,NONE,Retain only archive/hash provenance; the implementation-root duplicate is not repository authority.,delivery identity; frozen report-tree copy when applicable,SHA-256 and containing archive manifest,No repository write; remove only task-created extraction after preserving reports.,NO,MAP-PROVENANCE-REFERENCE-ONLY,READY_FOR_APPROVAL,H0_PREPARATION
AZPR-autonomous-execution-primed-draft-v10.1.zip,SHA256SUMS.json,6dc80b6cca5c069fc4aa2abc9acb3c20bb6be3c79c34e6d5d499656907429487,VERIFICATION_ONLY,,,DEFER,NONE,Use only from the isolated extraction for verification; do not add to the application repository without approval.,human-approved mapping if later integrated,SHA-256 and containing archive manifest,No repository write; remove only task-created extraction after preserving reports.,NO,BASELINE-DISPOSITION,NO_APPROVAL_REQUIRED,H0_PREPARATION
AZPR-autonomous-execution-primed-draft-v10.1.zip,V10-ADVERSARIAL-MUTATION-SUBSTITUTION-AND-TEST-CATALOG-REPORT.md,90f33f795d779a503fdc8cbb13b4b567abf473c75c6c1be933d650501e842928,REPORT_ONLY,,,QUARANTINE,NONE,Retain only archive/hash provenance; the implementation-root duplicate is not repository authority.,delivery identity; frozen report-tree copy when applicable,SHA-256 and containing archive manifest,No repository write; remove only task-created extraction after preserving reports.,NO,MAP-PROVENANCE-REFERENCE-ONLY,READY_FOR_APPROVAL,H0_PREPARATION
AZPR-autonomous-execution-primed-draft-v10.1.zip,V10-AFFECTED-FILES-FUNCTIONS-SCHEMAS-AND-MODIFICATION-BOUNDARIES.md,a255c6b4b13cdc5a40151f1590be5d233e39d25a653df757dc913def55720458,REPORT_ONLY,,,QUARANTINE,NONE,Retain only archive/hash provenance; the implementation-root duplicate is not repository authority.,delivery identity; frozen report-tree copy when applicable,SHA-256 and containing archive manifest,No repository write; remove only task-created extraction after preserving reports.,NO,MAP-PROVENANCE-REFERENCE-ONLY,READY_FOR_APPROVAL,H0_PREPARATION
AZPR-autonomous-execution-primed-draft-v10.1.zip,V10-BOOTSTRAP-ROOT-HARDENING-REPORT.md,5ff9d0508f8ff3f2d0fe3a5d12fafbd790a38044bd32df59a5ac7085d011f356,REPORT_ONLY,,,QUARANTINE,NONE,Retain only archive/hash provenance; the implementation-root duplicate is not repository authority.,delivery identity; frozen report-tree copy when applicable,SHA-256 and containing archive manifest,No repository write; remove only task-created extraction after preserving reports.,NO,MAP-PROVENANCE-REFERENCE-ONLY,READY_FOR_APPROVAL,H0_PREPARATION
AZPR-autonomous-execution-primed-draft-v10.1.zip,V10-EVIDENCE-DERIVATION-AND-KEY-LIFECYCLE-INTEGRATION-REPORT.md,0312a3734985c6dce9fea258fb58b0a0d62346e1dd38d0e7b344006c88f49a4f,REPORT_ONLY,,,QUARANTINE,NONE,Retain only archive/hash provenance; the implementation-root duplicate is not repository authority.,delivery identity; frozen report-tree copy when applicable,SHA-256 and containing archive manifest,No repository write; remove only task-created extraction after preserving reports.,NO,MAP-PROVENANCE-REFERENCE-ONLY,READY_FOR_APPROVAL,H0_PREPARATION
AZPR-autonomous-execution-primed-draft-v10.1.zip,V10-FINDING-CLOSURE-MATRIX.md,a3e87dcc920dff1295c1046d239265d0c65802574f165781329cda58fe22610d,REPORT_ONLY,,,QUARANTINE,NONE,Retain only archive/hash provenance; the implementation-root duplicate is not repository authority.,delivery identity; frozen report-tree copy when applicable,SHA-256 and containing archive manifest,No repository write; remove only task-created extraction after preserving reports.,NO,MAP-PROVENANCE-REFERENCE-ONLY,READY_FOR_APPROVAL,H0_PREPARATION
AZPR-autonomous-execution-primed-draft-v10.1.zip,V10-INSTALLER-TRANSACTION-CONCURRENCY-ROLLBACK-FAULT-REGRESSION-REPORT.md,1403f0701f9b9692c729cba75b235eca75a9833ae43ee8f9f3e96b7293dad33e,REPORT_ONLY,,,QUARANTINE,NONE,Retain only archive/hash provenance; the implementation-root duplicate is not repository authority.,delivery identity; frozen report-tree copy when applicable,SHA-256 and containing archive manifest,No repository write; remove only task-created extraction after preserving reports.,NO,MAP-PROVENANCE-REFERENCE-ONLY,READY_FOR_APPROVAL,H0_PREPARATION
AZPR-autonomous-execution-primed-draft-v10.1.zip,V10-NONROOT-RELEASE-VERIFIER-REPORT.md,fe21ba6cffc5d8aa4954dc401ef7be54a51ba0c715067ca071f0c3a25a450414,REPORT_ONLY,,,QUARANTINE,NONE,Retain only archive/hash provenance; the implementation-root duplicate is not repository authority.,delivery identity; frozen report-tree copy when applicable,SHA-256 and containing archive manifest,No repository write; remove only task-created extraction after preserving reports.,NO,MAP-PROVENANCE-REFERENCE-ONLY,READY_FOR_APPROVAL,H0_PREPARATION
AZPR-autonomous-execution-primed-draft-v10.1.zip,V10-PROBE-TRUST-ROOT-AND-EXTERNAL-SIGNING-REPORT.md,5240119a342e5b6c29a43ab1754813ec1afffb58c6004dd3abf00b6f43b4347b,REPORT_ONLY,,,QUARANTINE,NONE,Retain only archive/hash provenance; the implementation-root duplicate is not repository authority.,delivery identity; frozen report-tree copy when applicable,SHA-256 and containing archive manifest,No repository write; remove only task-created extraction after preserving reports.,NO,MAP-PROVENANCE-REFERENCE-ONLY,READY_FOR_APPROVAL,H0_PREPARATION
AZPR-autonomous-execution-primed-draft-v10.1.zip,V10-QUALIFICATION-ARTIFACT-BINDING-MATRIX.md,3cddbcbffde867740dd19e2d401d611c55589b9d636976897feac28b9e3edf83,REPORT_ONLY,,,QUARANTINE,NONE,Retain only archive/hash provenance; the implementation-root duplicate is not repository authority.,delivery identity; frozen report-tree copy when applicable,SHA-256 and containing archive manifest,No repository write; remove only task-created extraction after preserving reports.,NO,MAP-PROVENANCE-REFERENCE-ONLY,READY_FOR_APPROVAL,H0_PREPARATION
AZPR-autonomous-execution-primed-draft-v10.1.zip,V10-QUALIFICATION-HANDOFF.md,5247fa5b8d5c2ec5df187623bfc309fefa569e1bf8cc792609c031f361095049,REPORT_ONLY,,,QUARANTINE,NONE,Retain only archive/hash provenance; the implementation-root duplicate is not repository authority.,delivery identity; frozen report-tree copy when applicable,SHA-256 and containing archive manifest,No repository write; remove only task-created extraction after preserving reports.,NO,MAP-PROVENANCE-REFERENCE-ONLY,READY_FOR_APPROVAL,H0_PREPARATION
AZPR-autonomous-execution-primed-draft-v10.1.zip,V10-RELEASE-TEST-CATALOG.json,a2be3e88c99b0cf6c5b880a43bc8140ea60854d6a3a27c613f777f7302f22bd5,VERIFICATION_ONLY,,,DEFER,NONE,Use only from the isolated extraction for verification; do not add to the application repository without approval.,human-approved mapping if later integrated,SHA-256 and containing archive manifest,No repository write; remove only task-created extraction after preserving reports.,NO,BASELINE-DISPOSITION,NO_APPROVAL_REQUIRED,H0_PREPARATION
AZPR-autonomous-execution-primed-draft-v10.1.zip,V10-SECURITY-INVARIANTS-AND-ARCHITECTURE.md,c659c113526fef375a45d1fc14ebc3ea4aa9a6a8226ef20fcb9e450104dbfb35,REPORT_ONLY,,,QUARANTINE,NONE,Retain only archive/hash provenance; the implementation-root duplicate is not repository authority.,delivery identity; frozen report-tree copy when applicable,SHA-256 and containing archive manifest,No repository write; remove only task-created extraction after preserving reports.,NO,MAP-PROVENANCE-REFERENCE-ONLY,READY_FOR_APPROVAL,H0_PREPARATION
AZPR-autonomous-execution-primed-draft-v10.1.zip,V10.1-FINDING-VERIFICATION-SUMMARY.json,70e54668350defd0260db0d5d20a0195ba5fef3a921b147b1c9dca9b4bc41ff9,REPORT_ONLY,,,QUARANTINE,NONE,Retain only archive/hash provenance; the implementation-root duplicate is not repository authority.,delivery identity; frozen report-tree copy when applicable,SHA-256 and containing archive manifest,No repository write; remove only task-created extraction after preserving reports.,NO,MAP-PROVENANCE-REFERENCE-ONLY,READY_FOR_APPROVAL,H0_PREPARATION
AZPR-autonomous-execution-primed-draft-v10.1.zip,V10.1-INTERNAL-SECURITY-MANAGEMENT-CORRECTIVE-REPORT.md,5d3e7c40d3eabb1076c94170df15fe8e50262dc515514a7f7d7d61d720ab2357,REPORT_ONLY,,,QUARANTINE,NONE,Retain only archive/hash provenance; the implementation-root duplicate is not repository authority.,delivery identity; frozen report-tree copy when applicable,SHA-256 and containing archive manifest,No repository write; remove only task-created extraction after preserving reports.,NO,MAP-PROVENANCE-REFERENCE-ONLY,READY_FOR_APPROVAL,H0_PREPARATION
AZPR-autonomous-execution-primed-draft-v10.1.zip,VERIFY-V10-CANDIDATE.py,e0058361f6e01f3ca44931d42ae3ef1aad811150c0e39c27c8fcf93cb8a4cb84,VERIFICATION_ONLY,,,DEFER,NONE,Use only from the isolated extraction for verification; do not add to the application repository without approval.,human-approved mapping if later integrated,SHA-256 and containing archive manifest,No repository write; remove only task-created extraction after preserving reports.,NO,BASELINE-DISPOSITION,NO_APPROVAL_REQUIRED,H0_PREPARATION
AZPR-autonomous-execution-primed-draft-v10.1.zip,assessment-inputs/AZPR-security-continuation-handoff.md,01809229388510593164c90c97445b4a5a8d72e5086f975c898b92c2c68f1987,HISTORICAL_ONLY,,,QUARANTINE,NONE,Historical or provenance material remains in the frozen archive; no active repository destination is needed.,none,SHA-256 and containing archive manifest,No repository write; remove only task-created extraction after preserving reports.,NO,BASELINE-DISPOSITION,NO_APPROVAL_REQUIRED,H0_PREPARATION
AZPR-autonomous-execution-primed-draft-v10.1.zip,assessment-inputs/final-assessment/AZPR-security-remediation-refined-final-assessment.md,6be88d3db597a3f58dd280850b4154c71789d31e253dc0742e7d51059f7959be,HISTORICAL_ONLY,,,QUARANTINE,NONE,Historical or provenance material remains in the frozen archive; no active repository destination is needed.,none,SHA-256 and containing archive manifest,No repository write; remove only task-created extraction after preserving reports.,NO,BASELINE-DISPOSITION,NO_APPROVAL_REQUIRED,H0_PREPARATION
AZPR-autonomous-execution-primed-draft-v10.1.zip,assessment-inputs/final-assessment/AZPR-security-remediation-refined-final-scorecard.json,5d5e51acacc990509256de69eb69d7edc82958702f16e954f7eeffdd691b7290,HISTORICAL_ONLY,,,QUARANTINE,NONE,Historical or provenance material remains in the frozen archive; no active repository destination is needed.,none,SHA-256 and containing archive manifest,No repository write; remove only task-created extraction after preserving reports.,NO,BASELINE-DISPOSITION,NO_APPROVAL_REQUIRED,H0_PREPARATION
AZPR-autonomous-execution-primed-draft-v10.1.zip,assessment-inputs/final-assessment/AZPR-security-remediation-refined-priority-fixes.md,8533cf4d02b4687f0bc94d3eaab7b3a9753648f3b3b86f8f9793ed8af7726790,HISTORICAL_ONLY,,,QUARANTINE,NONE,Historical or provenance material remains in the frozen archive; no active repository destination is needed.,none,SHA-256 and containing archive manifest,No repository write; remove only task-created extraction after preserving reports.,NO,BASELINE-DISPOSITION,NO_APPROVAL_REQUIRED,H0_PREPARATION
AZPR-autonomous-execution-primed-draft-v10.1.zip,assessment-inputs/final-assessment/AZPR-security-remediation-refined-verification-summary.json,969b76335e69473f078c066aa465b015f019ee08b8a558d5458916be0d87f2cd,HISTORICAL_ONLY,,,QUARANTINE,NONE,Historical or provenance material remains in the frozen archive; no active repository destination is needed.,none,SHA-256 and containing archive manifest,No repository write; remove only task-created extraction after preserving reports.,NO,BASELINE-DISPOSITION,NO_APPROVAL_REQUIRED,H0_PREPARATION
AZPR-autonomous-execution-primed-draft-v10.1.zip,assessment-inputs/finalized-consultation/AZPR-finalized-security-assessment-attachment-error.xml,01e8ba3881ccaec0add885ed64dcdce7b121cf9a94ec9cf03ff2e39b12eb6a9a,HISTORICAL_ONLY,,,QUARANTINE,NONE,Historical or provenance material remains in the frozen archive; no active repository destination is needed.,none,SHA-256 and containing archive manifest,No repository write; remove only task-created extraction after preserving reports.,NO,BASELINE-DISPOSITION,NO_APPROVAL_REQUIRED,H0_PREPARATION
AZPR-autonomous-execution-primed-draft-v10.1.zip,assessment-inputs/finalized-consultation/AZPR-finalized-security-priority-fixes.md,fbd0c059a4b6a5cf6a7076b8899dae1f8a1344d12ae29419420dfc7db7cbdfef,HISTORICAL_ONLY,,,QUARANTINE,NONE,Historical or provenance material remains in the frozen archive; no active repository destination is needed.,none,SHA-256 and containing archive manifest,No repository write; remove only task-created extraction after preserving reports.,NO,BASELINE-DISPOSITION,NO_APPROVAL_REQUIRED,H0_PREPARATION
AZPR-autonomous-execution-primed-draft-v10.1.zip,assessment-inputs/finalized-consultation/AZPR-finalized-security-scorecard.json,9fc91399c3ee4e7ccd5ae25e9e376a3f14a35946a34825703f9b4843e91422e5,HISTORICAL_ONLY,,,QUARANTINE,NONE,Historical or provenance material remains in the frozen archive; no active repository destination is needed.,none,SHA-256 and containing archive manifest,No repository write; remove only task-created extraction after preserving reports.,NO,BASELINE-DISPOSITION,NO_APPROVAL_REQUIRED,H0_PREPARATION
AZPR-autonomous-execution-primed-draft-v10.1.zip,assessment-inputs/finalized-consultation/AZPR-finalized-security-verification-summary.json,0a32b6739aacdc052a06fec5840649096cf2248d840a5a01987130f1f948dfd7,HISTORICAL_ONLY,,,QUARANTINE,NONE,Historical or provenance material remains in the frozen archive; no active repository destination is needed.,none,SHA-256 and containing archive manifest,No repository write; remove only task-created extraction after preserving reports.,NO,BASELINE-DISPOSITION,NO_APPROVAL_REQUIRED,H0_PREPARATION
AZPR-autonomous-execution-primed-draft-v10.1.zip,assessment-inputs/finalized-consultation/README.md,95156cb510f32a57b1fc9062980ae6a8b68e7a564fa58332515a9d4eca102a74,HISTORICAL_ONLY,,,QUARANTINE,NONE,Historical or provenance material remains in the frozen archive; no active repository destination is needed.,none,SHA-256 and containing archive manifest,No repository write; remove only task-created extraction after preserving reports.,NO,BASELINE-DISPOSITION,NO_APPROVAL_REQUIRED,H0_PREPARATION
AZPR-autonomous-execution-primed-draft-v10.1.zip,assessment-inputs/finalized-v5-consultation/AZPR-v5-finalized-security-assessment.md,864a9d0b05547c035845a63eb6ebb9cca854103576df696c1ef258165f393b86,HISTORICAL_ONLY,,,QUARANTINE,NONE,Historical or provenance material remains in the frozen archive; no active repository destination is needed.,none,SHA-256 and containing archive manifest,No repository write; remove only task-created extraction after preserving reports.,NO,BASELINE-DISPOSITION,NO_APPROVAL_REQUIRED,H0_PREPARATION
AZPR-autonomous-execution-primed-draft-v10.1.zip,assessment-inputs/finalized-v5-consultation/AZPR-v5-finalized-security-priority-fixes.md,3218a73f4f7306362b4ea54c311aec36d8b534a08065e1099c503d3fca66fc05,HISTORICAL_ONLY,,,QUARANTINE,NONE,Historical or provenance material remains in the frozen archive; no active repository destination is needed.,none,SHA-256 and containing archive manifest,No repository write; remove only task-created extraction after preserving reports.,NO,BASELINE-DISPOSITION,NO_APPROVAL_REQUIRED,H0_PREPARATION
AZPR-autonomous-execution-primed-draft-v10.1.zip,assessment-inputs/finalized-v5-consultation/AZPR-v5-finalized-security-scorecard.json,9fc91399c3ee4e7ccd5ae25e9e376a3f14a35946a34825703f9b4843e91422e5,HISTORICAL_ONLY,,,QUARANTINE,NONE,Historical or provenance material remains in the frozen archive; no active repository destination is needed.,none,SHA-256 and containing archive manifest,No repository write; remove only task-created extraction after preserving reports.,NO,BASELINE-DISPOSITION,NO_APPROVAL_REQUIRED,H0_PREPARATION
AZPR-autonomous-execution-primed-draft-v10.1.zip,assessment-inputs/finalized-v5-consultation/AZPR-v5-finalized-security-verification-summary.json,0a32b6739aacdc052a06fec5840649096cf2248d840a5a01987130f1f948dfd7,HISTORICAL_ONLY,,,QUARANTINE,NONE,Historical or provenance material remains in the frozen archive; no active repository destination is needed.,none,SHA-256 and containing archive manifest,No repository write; remove only task-created extraction after preserving reports.,NO,BASELINE-DISPOSITION,NO_APPROVAL_REQUIRED,H0_PREPARATION
AZPR-autonomous-execution-primed-draft-v10.1.zip,assessment-inputs/priority-fix-plan.md,d9a9a1d3e353ca482db43dc7171fd24b05c1baa4a2d2f78a9e0133c6f06e6a6e,HISTORICAL_ONLY,,,QUARANTINE,NONE,Historical or provenance material remains in the frozen archive; no active repository destination is needed.,none,SHA-256 and containing archive manifest,No repository write; remove only task-created extraction after preserving reports.,NO,BASELINE-DISPOSITION,NO_APPROVAL_REQUIRED,H0_PREPARATION
AZPR-autonomous-execution-primed-draft-v10.1.zip,assessment-inputs/reassessment-scorecard.json,3bf03433663b28dafc868ec0953a75b3b54b14b0dc3172247640c436257e7cb0,HISTORICAL_ONLY,,,QUARANTINE,NONE,Historical or provenance material remains in the frozen archive; no active repository destination is needed.,none,SHA-256 and containing archive manifest,No repository write; remove only task-created extraction after preserving reports.,NO,BASELINE-DISPOSITION,NO_APPROVAL_REQUIRED,H0_PREPARATION
AZPR-autonomous-execution-primed-draft-v10.1.zip,assessment-inputs/reassessment.md,b07ee2bd7f5679182348aed0400a0576caa4160746f30f16c6374d45f777992c,HISTORICAL_ONLY,,,QUARANTINE,NONE,Historical or provenance material remains in the frozen archive; no active repository destination is needed.,none,SHA-256 and containing archive manifest,No repository write; remove only task-created extraction after preserving reports.,NO,BASELINE-DISPOSITION,NO_APPROVAL_REQUIRED,H0_PREPARATION
AZPR-autonomous-execution-primed-draft-v10.1.zip,assessment-inputs/v7-final-security-consultation/ASSESSMENT-AUTHORITY-NOTE.md,b7d64368a3d32f837354b0948ca31572c45d81bb729b1d751d7e1222f28b2be8,HISTORICAL_ONLY,,,QUARANTINE,NONE,Historical or provenance material remains in the frozen archive; no active repository destination is needed.,none,SHA-256 and containing archive manifest,No repository write; remove only task-created extraction after preserving reports.,NO,BASELINE-DISPOSITION,NO_APPROVAL_REQUIRED,H0_PREPARATION
AZPR-autonomous-execution-primed-draft-v10.1.zip,assessment-inputs/v7-final-security-consultation/AZPR-v7-finalized-security-assessment.md,1f0757656b7d678b3f2682457a48e690e631b6105649c9c84050f2c422428fd7,HISTORICAL_ONLY,,,QUARANTINE,NONE,Historical or provenance material remains in the frozen archive; no active repository destination is needed.,none,SHA-256 and containing archive manifest,No repository write; remove only task-created extraction after preserving reports.,NO,BASELINE-DISPOSITION,NO_APPROVAL_REQUIRED,H0_PREPARATION
AZPR-autonomous-execution-primed-draft-v10.1.zip,assessment-inputs/v7-final-security-consultation/AZPR-v7-finalized-security-priority-fixes.md,5b910ac8a913b8f6aef65a2836c124132feec8db4e682863f27a4257b11eabee,HISTORICAL_ONLY,,,QUARANTINE,NONE,Historical or provenance material remains in the frozen archive; no active repository destination is needed.,none,SHA-256 and containing archive manifest,No repository write; remove only task-created extraction after preserving reports.,NO,BASELINE-DISPOSITION,NO_APPROVAL_REQUIRED,H0_PREPARATION
AZPR-autonomous-execution-primed-draft-v10.1.zip,assessment-inputs/v7-final-security-consultation/AZPR-v7-finalized-security-scorecard.json,9fc91399c3ee4e7ccd5ae25e9e376a3f14a35946a34825703f9b4843e91422e5,HISTORICAL_ONLY,,,QUARANTINE,NONE,Historical or provenance material remains in the frozen archive; no active repository destination is needed.,none,SHA-256 and containing archive manifest,No repository write; remove only task-created extraction after preserving reports.,NO,BASELINE-DISPOSITION,NO_APPROVAL_REQUIRED,H0_PREPARATION
AZPR-autonomous-execution-primed-draft-v10.1.zip,assessment-inputs/v7-final-security-consultation/AZPR-v7-finalized-security-verification-summary.json,0a32b6739aacdc052a06fec5840649096cf2248d840a5a01987130f1f948dfd7,HISTORICAL_ONLY,,,QUARANTINE,NONE,Historical or provenance material remains in the frozen archive; no active repository destination is needed.,none,SHA-256 and containing archive manifest,No repository write; remove only task-created extraction after preserving reports.,NO,BASELINE-DISPOSITION,NO_APPROVAL_REQUIRED,H0_PREPARATION
AZPR-autonomous-execution-primed-draft-v10.1.zip,evidence/source-development/v10-blocker-tests.stdout.txt,e8a83e2e2d594676d5fea342d7268fe0a5b418cd804b31afd444d618afce11db,VERIFICATION_ONLY,,,DEFER,NONE,Use only from the isolated extraction for verification; do not add to the application repository without approval.,human-approved mapping if later integrated,SHA-256 and containing archive manifest,No repository write; remove only task-created extraction after preserving reports.,NO,BASELINE-DISPOSITION,NO_APPROVAL_REQUIRED,H0_PREPARATION
AZPR-autonomous-execution-primed-draft-v10.1.zip,evidence/source-development/v10-precuration-release-test-results.json,eaad3a5f4c2be21e714f7e155d5bf712468c2b22d2f0da47e1bfe4e79e35649e,VERIFICATION_ONLY,,,DEFER,NONE,Use only from the isolated extraction for verification; do not add to the application repository without approval.,human-approved mapping if later integrated,SHA-256 and containing archive manifest,No repository write; remove only task-created extraction after preserving reports.,NO,BASELINE-DISPOSITION,NO_APPROVAL_REQUIRED,H0_PREPARATION
AZPR-autonomous-execution-primed-draft-v10.1.zip,evidence/source-development/v9-baseline-manifest-verification.json,483825095a3eadc65d72e04252bfb2024be870750811d9888c9b8d966e71e903,VERIFICATION_ONLY,,,DEFER,NONE,Use only from the isolated extraction for verification; do not add to the application repository without approval.,human-approved mapping if later integrated,SHA-256 and containing archive manifest,No repository write; remove only task-created extraction after preserving reports.,NO,BASELINE-DISPOSITION,NO_APPROVAL_REQUIRED,H0_PREPARATION
AZPR-autonomous-execution-primed-draft-v10.1.zip,evidence/source-development/v9-independent-reproduction.json,792c98ca15d91c9b139acde40c1eb51b19836f979df65718aea2451089a240d8,VERIFICATION_ONLY,,,DEFER,NONE,Use only from the isolated extraction for verification; do not add to the application repository without approval.,human-approved mapping if later integrated,SHA-256 and containing archive manifest,No repository write; remove only task-created extraction after preserving reports.,NO,BASELINE-DISPOSITION,NO_APPROVAL_REQUIRED,H0_PREPARATION
AZPR-autonomous-execution-primed-draft-v10.1.zip,evidence/source-development/v9-nonroot-verifier-reproduction.stderr.txt,b5e1c5a9dde2b64a4fa0f4cefa467acd74e64fa9920f1ed8775115ed510b8403,VERIFICATION_ONLY,,,DEFER,NONE,Use only from the isolated extraction for verification; do not add to the application repository without approval.,human-approved mapping if later integrated,SHA-256 and containing archive manifest,No repository write; remove only task-created extraction after preserving reports.,NO,BASELINE-DISPOSITION,NO_APPROVAL_REQUIRED,H0_PREPARATION
AZPR-autonomous-execution-primed-draft-v10.1.zip,external-capability-runner/capability_runner.py,01fde7e1211fb2e3b50a10a8fb4a1351a1823544811f9d1f4d99a0e189b12a12,OPERATOR_TOOL,,,DEFER,NONE,Dormant external candidate; no repository destination or execution authority until separate host qualification and cutover approval.,ADR-0009 H2/H3 gates; approved external trust boundary,source-only verification; never execute privileged/install paths in this task,No repository write; remove only task-created extraction after preserving reports.,NO,MAP-EXTERNAL-CONTROLLER,READY_FOR_APPROVAL,H2_EXTERNAL_QUALIFICATION
AZPR-autonomous-execution-primed-draft-v10.1.zip,external-capability-runner/mock_noop_adapter.py,24cdd3577385bbbe267b9f6408a430c2fba8c096991862aa0d74c770cd25637c,OPERATOR_TOOL,,,DEFER,NONE,Dormant external candidate; no repository destination or execution authority until separate host qualification and cutover approval.,ADR-0009 H2/H3 gates; approved external trust boundary,source-only verification; never execute privileged/install paths in this task,No repository write; remove only task-created extraction after preserving reports.,NO,MAP-EXTERNAL-CONTROLLER,READY_FOR_APPROVAL,H2_EXTERNAL_QUALIFICATION
AZPR-autonomous-execution-primed-draft-v10.1.zip,external-capability-runner/process_gate.py,01b75328aa61c4d8e33e054c82d5d0bae03e1b1ce8b9c9b00b46c200727112fe,OPERATOR_TOOL,,,DEFER,NONE,Dormant external candidate; no repository destination or execution authority until separate host qualification and cutover approval.,ADR-0009 H2/H3 gates; approved external trust boundary,source-only verification; never execute privileged/install paths in this task,No repository write; remove only task-created extraction after preserving reports.,NO,MAP-EXTERNAL-CONTROLLER,READY_FOR_APPROVAL,H2_EXTERNAL_QUALIFICATION
AZPR-autonomous-execution-primed-draft-v10.1.zip,external-capability-runner/secure_runtime.py,acb3516492d1431804d3acfc3efdb12892ab02b24c6aa42ead02c007b56b58cd,OPERATOR_TOOL,,,DEFER,NONE,Dormant external candidate; no repository destination or execution authority until separate host qualification and cutover approval.,ADR-0009 H2/H3 gates; approved external trust boundary,source-only verification; never execute privileged/install paths in this task,No repository write; remove only task-created extraction after preserving reports.,NO,MAP-EXTERNAL-CONTROLLER,READY_FOR_APPROVAL,H2_EXTERNAL_QUALIFICATION
AZPR-autonomous-execution-primed-draft-v10.1.zip,external-capability-runner/trusted_installation.py,b9af71cdd776cf27020e75373f2d2ff9150b55b36b719f797cf599dcdbc81296,OPERATOR_TOOL,,,DEFER,NONE,Dormant external candidate; no repository destination or execution authority until separate host qualification and cutover approval.,ADR-0009 H2/H3 gates; approved external trust boundary,source-only verification; never execute privileged/install paths in this task,No repository write; remove only task-created extraction after preserving reports.,NO,MAP-EXTERNAL-CONTROLLER,READY_FOR_APPROVAL,H2_EXTERNAL_QUALIFICATION
AZPR-autonomous-execution-primed-draft-v10.1.zip,legacy/v10/frozen-v10-current-documents/CURRENT-DOCUMENT-INDEX.v10.json,d467b12fbe22b7f7a7e8e73cddfa6fe0527836c6dc24dabb6022f300d1e1fd6e,HISTORICAL_ONLY,,,QUARANTINE,NONE,Historical or provenance material remains in the frozen archive; no active repository destination is needed.,none,SHA-256 and containing archive manifest,No repository write; remove only task-created extraction after preserving reports.,NO,BASELINE-DISPOSITION,NO_APPROVAL_REQUIRED,H0_PREPARATION
AZPR-autonomous-execution-primed-draft-v10.1.zip,legacy/v10/frozen-v10-current-documents/KNOWN-LIMITATIONS-AND-QUALIFICATION-DEPENDENCIES.md,b45b86072174065cf928563de47ed4bd3974749e3bd95a7e0950c51b0c592d5c,HISTORICAL_ONLY,,,QUARANTINE,NONE,Historical or provenance material remains in the frozen archive; no active repository destination is needed.,none,SHA-256 and containing archive manifest,No repository write; remove only task-created extraction after preserving reports.,NO,BASELINE-DISPOSITION,NO_APPROVAL_REQUIRED,H0_PREPARATION
AZPR-autonomous-execution-primed-draft-v10.1.zip,legacy/v10/frozen-v10-current-documents/MAJOR-CHANGES.md,bd08d58b6e4b7293151692cac2001434962825ffbd849ae2b63303ccf0d14a71,HISTORICAL_ONLY,,,QUARANTINE,NONE,Historical or provenance material remains in the frozen archive; no active repository destination is needed.,none,SHA-256 and containing archive manifest,No repository write; remove only task-created extraction after preserving reports.,NO,BASELINE-DISPOSITION,NO_APPROVAL_REQUIRED,H0_PREPARATION
AZPR-autonomous-execution-primed-draft-v10.1.zip,legacy/v10/frozen-v10-current-documents/README.md,a6fe0bc2f8d8f79e8f66f95df6a2b114582ae0850313f92537b345d77ca709c8,HISTORICAL_ONLY,,,QUARANTINE,NONE,Historical or provenance material remains in the frozen archive; no active repository destination is needed.,none,SHA-256 and containing archive manifest,No repository write; remove only task-created extraction after preserving reports.,NO,BASELINE-DISPOSITION,NO_APPROVAL_REQUIRED,H0_PREPARATION
AZPR-autonomous-execution-primed-draft-v10.1.zip,legacy/v10/frozen-v10-current-documents/REMEDIATION-STATUS.v10.json,944933ac6f882f99b5bff176eeaf024ee08a02abc055fc629100b446e73a66db,HISTORICAL_ONLY,,,QUARANTINE,NONE,Historical or provenance material remains in the frozen archive; no active repository destination is needed.,none,SHA-256 and containing archive manifest,No repository write; remove only task-created extraction after preserving reports.,NO,BASELINE-DISPOSITION,NO_APPROVAL_REQUIRED,H0_PREPARATION
AZPR-autonomous-execution-primed-draft-v10.1.zip,legacy/v10/frozen-v10-current-documents/SECURITY-DECISIONS.md,c55abe32dd0f6436f1d163492358d05069094d9b93f9f9d5af3d47af145b94ae,HISTORICAL_ONLY,,,QUARANTINE,NONE,Historical or provenance material remains in the frozen archive; no active repository destination is needed.,none,SHA-256 and containing archive manifest,No repository write; remove only task-created extraction after preserving reports.,NO,BASELINE-DISPOSITION,NO_APPROVAL_REQUIRED,H0_PREPARATION
AZPR-autonomous-execution-primed-draft-v10.1.zip,legacy/v10/frozen-v10-current-documents/V10-ADVERSARIAL-MUTATION-SUBSTITUTION-AND-TEST-CATALOG-REPORT.md,fdfee5f7ea4d28252112de3c98ea684b06557ecfc36c7bae43caa9131acd4aad,HISTORICAL_ONLY,,,QUARANTINE,NONE,Historical or provenance material remains in the frozen archive; no active repository destination is needed.,none,SHA-256 and containing archive manifest,No repository write; remove only task-created extraction after preserving reports.,NO,BASELINE-DISPOSITION,NO_APPROVAL_REQUIRED,H0_PREPARATION
AZPR-autonomous-execution-primed-draft-v10.1.zip,legacy/v10/frozen-v10-current-documents/V10-AFFECTED-FILES-FUNCTIONS-SCHEMAS-AND-MODIFICATION-BOUNDARIES.md,bf611f32ee436ccd644464c8656de59ce73c5328e1f4f17e29612131b2de8e64,HISTORICAL_ONLY,,,QUARANTINE,NONE,Historical or provenance material remains in the frozen archive; no active repository destination is needed.,none,SHA-256 and containing archive manifest,No repository write; remove only task-created extraction after preserving reports.,NO,BASELINE-DISPOSITION,NO_APPROVAL_REQUIRED,H0_PREPARATION
AZPR-autonomous-execution-primed-draft-v10.1.zip,legacy/v10/frozen-v10-current-documents/V10-BOOTSTRAP-ROOT-HARDENING-REPORT.md,fd52e4c58ba61208cf9ae2605f5e75845857a8a1b29171f6704836084f62f58e,HISTORICAL_ONLY,,,QUARANTINE,NONE,Historical or provenance material remains in the frozen archive; no active repository destination is needed.,none,SHA-256 and containing archive manifest,No repository write; remove only task-created extraction after preserving reports.,NO,BASELINE-DISPOSITION,NO_APPROVAL_REQUIRED,H0_PREPARATION
AZPR-autonomous-execution-primed-draft-v10.1.zip,legacy/v10/frozen-v10-current-documents/V10-EVIDENCE-DERIVATION-AND-KEY-LIFECYCLE-INTEGRATION-REPORT.md,eeef8afe7a113a21f231016faeb4dc7017d8caaec2aee5a41ae1f049862f0082,HISTORICAL_ONLY,,,QUARANTINE,NONE,Historical or provenance material remains in the frozen archive; no active repository destination is needed.,none,SHA-256 and containing archive manifest,No repository write; remove only task-created extraction after preserving reports.,NO,BASELINE-DISPOSITION,NO_APPROVAL_REQUIRED,H0_PREPARATION
AZPR-autonomous-execution-primed-draft-v10.1.zip,legacy/v10/frozen-v10-current-documents/V10-FINDING-CLOSURE-MATRIX.md,04da71194dbe39161a71b279942198a426e98d7644ee63d093ea9653756d1acb,HISTORICAL_ONLY,,,QUARANTINE,NONE,Historical or provenance material remains in the frozen archive; no active repository destination is needed.,none,SHA-256 and containing archive manifest,No repository write; remove only task-created extraction after preserving reports.,NO,BASELINE-DISPOSITION,NO_APPROVAL_REQUIRED,H0_PREPARATION
AZPR-autonomous-execution-primed-draft-v10.1.zip,legacy/v10/frozen-v10-current-documents/V10-INSTALLER-TRANSACTION-CONCURRENCY-ROLLBACK-FAULT-REGRESSION-REPORT.md,b3e166c44e271f2db6e1b433a10980a00e908158d7beab928d0aaf89bb7f964f,HISTORICAL_ONLY,,,QUARANTINE,NONE,Historical or provenance material remains in the frozen archive; no active repository destination is needed.,none,SHA-256 and containing archive manifest,No repository write; remove only task-created extraction after preserving reports.,NO,BASELINE-DISPOSITION,NO_APPROVAL_REQUIRED,H0_PREPARATION
AZPR-autonomous-execution-primed-draft-v10.1.zip,legacy/v10/frozen-v10-current-documents/V10-NONROOT-RELEASE-VERIFIER-REPORT.md,07153b31db44e554d67060dc87a5088a7b1608d24451acc6b764d4a7d6f565a1,HISTORICAL_ONLY,,,QUARANTINE,NONE,Historical or provenance material remains in the frozen archive; no active repository destination is needed.,none,SHA-256 and containing archive manifest,No repository write; remove only task-created extraction after preserving reports.,NO,BASELINE-DISPOSITION,NO_APPROVAL_REQUIRED,H0_PREPARATION
AZPR-autonomous-execution-primed-draft-v10.1.zip,legacy/v10/frozen-v10-current-documents/V10-PROBE-TRUST-ROOT-AND-EXTERNAL-SIGNING-REPORT.md,8fd29c3dc9e5e8e8ccc870911a46cdd76c6eeb4a3f1ff659ad2461f2d5b63160,HISTORICAL_ONLY,,,QUARANTINE,NONE,Historical or provenance material remains in the frozen archive; no active repository destination is needed.,none,SHA-256 and containing archive manifest,No repository write; remove only task-created extraction after preserving reports.,NO,BASELINE-DISPOSITION,NO_APPROVAL_REQUIRED,H0_PREPARATION
AZPR-autonomous-execution-primed-draft-v10.1.zip,legacy/v10/frozen-v10-current-documents/V10-QUALIFICATION-ARTIFACT-BINDING-MATRIX.md,114d1f36248226c1b9e6058e6c3993654ca1e6af3bcecec1d152ba7b6ea222a7,HISTORICAL_ONLY,,,QUARANTINE,NONE,Historical or provenance material remains in the frozen archive; no active repository destination is needed.,none,SHA-256 and containing archive manifest,No repository write; remove only task-created extraction after preserving reports.,NO,BASELINE-DISPOSITION,NO_APPROVAL_REQUIRED,H0_PREPARATION
AZPR-autonomous-execution-primed-draft-v10.1.zip,legacy/v10/frozen-v10-current-documents/V10-QUALIFICATION-HANDOFF.md,18c8a82f02abc9fa2279fc5d3240df34fc3ab7695c462adcc74dfd1b29a71a5b,HISTORICAL_ONLY,,,QUARANTINE,NONE,Historical or provenance material remains in the frozen archive; no active repository destination is needed.,none,SHA-256 and containing archive manifest,No repository write; remove only task-created extraction after preserving reports.,NO,BASELINE-DISPOSITION,NO_APPROVAL_REQUIRED,H0_PREPARATION
AZPR-autonomous-execution-primed-draft-v10.1.zip,legacy/v10/frozen-v10-current-documents/V10-SECURITY-INVARIANTS-AND-ARCHITECTURE.md,989afed1624b95bd903dc86214d1d56652c3071073be39a7d4b8cce1d52ab702,HISTORICAL_ONLY,,,QUARANTINE,NONE,Historical or provenance material remains in the frozen archive; no active repository destination is needed.,none,SHA-256 and containing archive manifest,No repository write; remove only task-created extraction after preserving reports.,NO,BASELINE-DISPOSITION,NO_APPROVAL_REQUIRED,H0_PREPARATION
AZPR-autonomous-execution-primed-draft-v10.1.zip,legacy/v10/unsafe-reference-signer/v10_external_signer_reference.py.disabled,50c444a46f4feb8a9a41c75c83f6a2519683494ca972f9f6b708972ca76888e4,HISTORICAL_ONLY,,,QUARANTINE,NONE,Historical or provenance material remains in the frozen archive; no active repository destination is needed.,none,SHA-256 and containing archive manifest,No repository write; remove only task-created extraction after preserving reports.,NO,BASELINE-DISPOSITION,NO_APPROVAL_REQUIRED,H0_PREPARATION
AZPR-autonomous-execution-primed-draft-v10.1.zip,legacy/v9-candidate/ANCHOR-AND-RECOVERY-PROTOCOL.md,1c5f4e05319783dc440c7a50944661d0356c95634fd65d725ac817324efa0a6a,HISTORICAL_ONLY,,,QUARANTINE,NONE,Historical or provenance material remains in the frozen archive; no active repository destination is needed.,none,SHA-256 and containing archive manifest,No repository write; remove only task-created extraction after preserving reports.,NO,BASELINE-DISPOSITION,NO_APPROVAL_REQUIRED,H0_PREPARATION
AZPR-autonomous-execution-primed-draft-v10.1.zip,legacy/v9-candidate/APPLY-AUTONOMOUS-EXECUTION-DRAFT.md,f8e11e4fee0e4bedc4319ac5ff93840790c7b0e2f58bb8eb2aa9b0861bb4662b,HISTORICAL_ONLY,,,QUARANTINE,NONE,Historical or provenance material remains in the frozen archive; no active repository destination is needed.,none,SHA-256 and containing archive manifest,No repository write; remove only task-created extraction after preserving reports.,NO,BASELINE-DISPOSITION,NO_APPROVAL_REQUIRED,H0_PREPARATION
AZPR-autonomous-execution-primed-draft-v10.1.zip,legacy/v9-candidate/CANONICAL-POLICY-GATE.md,c2bbb0b8cff0705d9885f9fb00f21ad4c591931094beace635ccbae15debea61,HISTORICAL_ONLY,,,QUARANTINE,NONE,Historical or provenance material remains in the frozen archive; no active repository destination is needed.,none,SHA-256 and containing archive manifest,No repository write; remove only task-created extraction after preserving reports.,NO,BASELINE-DISPOSITION,NO_APPROVAL_REQUIRED,H0_PREPARATION
AZPR-autonomous-execution-primed-draft-v10.1.zip,legacy/v9-candidate/CLEANROOM-QUALIFICATION.md,544c4648730556e0ba5082b15b6db76a93d4d531c40c7a5b970644e30ef596f8,HISTORICAL_ONLY,,,QUARANTINE,NONE,Historical or provenance material remains in the frozen archive; no active repository destination is needed.,none,SHA-256 and containing archive manifest,No repository write; remove only task-created extraction after preserving reports.,NO,BASELINE-DISPOSITION,NO_APPROVAL_REQUIRED,H0_PREPARATION
AZPR-autonomous-execution-primed-draft-v10.1.zip,legacy/v9-candidate/CONFIDENCE-ASSESSMENT.md,a136c5b426500b0365eb64c0c681fe420149650998a3efcf98384b62c7d093ee,HISTORICAL_ONLY,,,QUARANTINE,NONE,Historical or provenance material remains in the frozen archive; no active repository destination is needed.,none,SHA-256 and containing archive manifest,No repository write; remove only task-created extraction after preserving reports.,NO,BASELINE-DISPOSITION,NO_APPROVAL_REQUIRED,H0_PREPARATION
AZPR-autonomous-execution-primed-draft-v10.1.zip,legacy/v9-candidate/EXTERNAL-CAPABILITY-RUNNER-OPERATIONS.md,d64bc981c9899f67502cb9a760a389cf3f2abf5ccaf5376488986da3d84cdd43,HISTORICAL_ONLY,,,QUARANTINE,NONE,Historical or provenance material remains in the frozen archive; no active repository destination is needed.,none,SHA-256 and containing archive manifest,No repository write; remove only task-created extraction after preserving reports.,NO,BASELINE-DISPOSITION,NO_APPROVAL_REQUIRED,H0_PREPARATION
AZPR-autonomous-execution-primed-draft-v10.1.zip,legacy/v9-candidate/FINAL-VERIFICATION.json,7261f9cdb2618d61b89157f32fcf8c49a299df4ff61687f67de7b5dfb4287f2f,HISTORICAL_ONLY,,,QUARANTINE,NONE,Historical or provenance material remains in the frozen archive; no active repository destination is needed.,none,SHA-256 and containing archive manifest,No repository write; remove only task-created extraction after preserving reports.,NO,BASELINE-DISPOSITION,NO_APPROVAL_REQUIRED,H0_PREPARATION
AZPR-autonomous-execution-primed-draft-v10.1.zip,legacy/v9-candidate/FUTURE-QUALIFICATION-INPUTS.template.json,6ffc618ad4c217268586cf06b0ecaa8d87484b7a0876d5e0ce47461efd39d423,HISTORICAL_ONLY,,,QUARANTINE,NONE,Historical or provenance material remains in the frozen archive; no active repository destination is needed.,none,SHA-256 and containing archive manifest,No repository write; remove only task-created extraction after preserving reports.,NO,BASELINE-DISPOSITION,NO_APPROVAL_REQUIRED,H0_PREPARATION
AZPR-autonomous-execution-primed-draft-v10.1.zip,legacy/v9-candidate/IMPLEMENTATION-DRAFT-REPORT.md,e0f98a6affbf800e327926fceca5a25925683dd2b748609d9c1318ecb94922c1,HISTORICAL_ONLY,,,QUARANTINE,NONE,Historical or provenance material remains in the frozen archive; no active repository destination is needed.,none,SHA-256 and containing archive manifest,No repository write; remove only task-created extraction after preserving reports.,NO,BASELINE-DISPOSITION,NO_APPROVAL_REQUIRED,H0_PREPARATION
AZPR-autonomous-execution-primed-draft-v10.1.zip,legacy/v9-candidate/INSTALLER-RECOVERY-MATRIX.md,2e40f68c9d644bc1f1906cf294eba87caae52e00c94a81183d023f2cfc038227,HISTORICAL_ONLY,,,QUARANTINE,NONE,Historical or provenance material remains in the frozen archive; no active repository destination is needed.,none,SHA-256 and containing archive manifest,No repository write; remove only task-created extraction after preserving reports.,NO,BASELINE-DISPOSITION,NO_APPROVAL_REQUIRED,H0_PREPARATION
AZPR-autonomous-execution-primed-draft-v10.1.zip,legacy/v9-candidate/LINGERING-CONCERNS.md,8e8c6f97683d7b5056c793f139004fc9abbedc38dc5da3a36f26c48d3c132371,HISTORICAL_ONLY,,,QUARANTINE,NONE,Historical or provenance material remains in the frozen archive; no active repository destination is needed.,none,SHA-256 and containing archive manifest,No repository write; remove only task-created extraction after preserving reports.,NO,BASELINE-DISPOSITION,NO_APPROVAL_REQUIRED,H0_PREPARATION
AZPR-autonomous-execution-primed-draft-v10.1.zip,legacy/v9-candidate/MAJOR-CHANGES.md,272c997fbf3a0c8903909a2dda38751bf643343de61e28c1cd252b8b23549693,HISTORICAL_ONLY,,,QUARANTINE,NONE,Historical or provenance material remains in the frozen archive; no active repository destination is needed.,none,SHA-256 and containing archive manifest,No repository write; remove only task-created extraction after preserving reports.,NO,BASELINE-DISPOSITION,NO_APPROVAL_REQUIRED,H0_PREPARATION
AZPR-autonomous-execution-primed-draft-v10.1.zip,legacy/v9-candidate/OPERATION-EVIDENCE-LIFECYCLE.md,975a0f527aecf6abdac33d11f365053754aa6b0c29779e8e899bb78e0dab8dc7,HISTORICAL_ONLY,,,QUARANTINE,NONE,Historical or provenance material remains in the frozen archive; no active repository destination is needed.,none,SHA-256 and containing archive manifest,No repository write; remove only task-created extraction after preserving reports.,NO,BASELINE-DISPOSITION,NO_APPROVAL_REQUIRED,H0_PREPARATION
AZPR-autonomous-execution-primed-draft-v10.1.zip,legacy/v9-candidate/PACK-SIGNING-INSTRUCTIONS.md,91d43bf4d090d3b5d28328d7b1f007a5f44bdf23c1f34ea80e979ee8a2d7dc3e,HISTORICAL_ONLY,,,QUARANTINE,NONE,Historical or provenance material remains in the frozen archive; no active repository destination is needed.,none,SHA-256 and containing archive manifest,No repository write; remove only task-created extraction after preserving reports.,NO,BASELINE-DISPOSITION,NO_APPROVAL_REQUIRED,H0_PREPARATION
AZPR-autonomous-execution-primed-draft-v10.1.zip,legacy/v9-candidate/PRIORITY-FIX-DISPOSITION.md,941ecdb1ccfe7b35381f0814ef664149d7ce957edd33222a415a0667bdea25fa,HISTORICAL_ONLY,,,QUARANTINE,NONE,Historical or provenance material remains in the frozen archive; no active repository destination is needed.,none,SHA-256 and containing archive manifest,No repository write; remove only task-created extraction after preserving reports.,NO,BASELINE-DISPOSITION,NO_APPROVAL_REQUIRED,H0_PREPARATION
AZPR-autonomous-execution-primed-draft-v10.1.zip,legacy/v9-candidate/PROMOTION-GATES.md,27c617c1b66b86c8051d00155511c91cce3521350c2f3ff9d5c704d0efd7037b,HISTORICAL_ONLY,,,QUARANTINE,NONE,Historical or provenance material remains in the frozen archive; no active repository destination is needed.,none,SHA-256 and containing archive manifest,No repository write; remove only task-created extraction after preserving reports.,NO,BASELINE-DISPOSITION,NO_APPROVAL_REQUIRED,H0_PREPARATION
AZPR-autonomous-execution-primed-draft-v10.1.zip,legacy/v9-candidate/PUBLIC-KEYRING.template.json,53fd1932e7550103fb9cd3394f051e74a9306d83cb165419175cdf6ade63b6f2,HISTORICAL_ONLY,,,QUARANTINE,NONE,Historical or provenance material remains in the frozen archive; no active repository destination is needed.,none,SHA-256 and containing archive manifest,No repository write; remove only task-created extraction after preserving reports.,NO,BASELINE-DISPOSITION,NO_APPROVAL_REQUIRED,H0_PREPARATION
AZPR-autonomous-execution-primed-draft-v10.1.zip,legacy/v9-candidate/README.md,e075930d11a47dda5c019ab0897c0188babeded0e621d732affa49cf1fe6777c,HISTORICAL_ONLY,,,QUARANTINE,NONE,Historical or provenance material remains in the frozen archive; no active repository destination is needed.,none,SHA-256 and containing archive manifest,No repository write; remove only task-created extraction after preserving reports.,NO,BASELINE-DISPOSITION,NO_APPROVAL_REQUIRED,H0_PREPARATION
AZPR-autonomous-execution-primed-draft-v10.1.zip,legacy/v9-candidate/REMEDIATION-STATUS.json,abae89b6925bdffe455a9316ffe63be5e51dd625ea68f766d9fbb0891ef17513,HISTORICAL_ONLY,,,QUARANTINE,NONE,Historical or provenance material remains in the frozen archive; no active repository destination is needed.,none,SHA-256 and containing archive manifest,No repository write; remove only task-created extraction after preserving reports.,NO,BASELINE-DISPOSITION,NO_APPROVAL_REQUIRED,H0_PREPARATION
AZPR-autonomous-execution-primed-draft-v10.1.zip,legacy/v9-candidate/ROADMAP-REGENERATION-GATE.md,251e363c97edd1fb3ccd67b4f7591bc68a55b8fbe00850ba847b4adf70df024a,HISTORICAL_ONLY,,,QUARANTINE,NONE,Historical or provenance material remains in the frozen archive; no active repository destination is needed.,none,SHA-256 and containing archive manifest,No repository write; remove only task-created extraction after preserving reports.,NO,BASELINE-DISPOSITION,NO_APPROVAL_REQUIRED,H0_PREPARATION
AZPR-autonomous-execution-primed-draft-v10.1.zip,legacy/v9-candidate/ROADMAP-REGENERATION-PROMPT.md,51a82a8e113b2df9a01a8b2a16a24a73498aeb44e1b8fcfa8e9e89caf9061f8b,HISTORICAL_ONLY,,,QUARANTINE,NONE,Historical or provenance material remains in the frozen archive; no active repository destination is needed.,none,SHA-256 and containing archive manifest,No repository write; remove only task-created extraction after preserving reports.,NO,BASELINE-DISPOSITION,NO_APPROVAL_REQUIRED,H0_PREPARATION
AZPR-autonomous-execution-primed-draft-v10.1.zip,legacy/v9-candidate/SECURITY-CONTROL-TRACEABILITY.md,96eb5904ba08b220c08e489677cc707dad0a56ab74ab5da948f6c31c4fb788ee,HISTORICAL_ONLY,,,QUARANTINE,NONE,Historical or provenance material remains in the frozen archive; no active repository destination is needed.,none,SHA-256 and containing archive manifest,No repository write; remove only task-created extraction after preserving reports.,NO,BASELINE-DISPOSITION,NO_APPROVAL_REQUIRED,H0_PREPARATION
AZPR-autonomous-execution-primed-draft-v10.1.zip,legacy/v9-candidate/SECURITY-DECISIONS.md,ca7ef5007759df2b12ec8263f36b467604329523256e5ecb1e94a57083e14e80,HISTORICAL_ONLY,,,QUARANTINE,NONE,Historical or provenance material remains in the frozen archive; no active repository destination is needed.,none,SHA-256 and containing archive manifest,No repository write; remove only task-created extraction after preserving reports.,NO,BASELINE-DISPOSITION,NO_APPROVAL_REQUIRED,H0_PREPARATION
AZPR-autonomous-execution-primed-draft-v10.1.zip,legacy/v9-candidate/TRUST-BOUNDARY.md,f7ccb743bfc053dc77f0cfe2c0778f0bdca6d87e4b75c12c90257684b69870dd,HISTORICAL_ONLY,,,QUARANTINE,NONE,Historical or provenance material remains in the frozen archive; no active repository destination is needed.,none,SHA-256 and containing archive manifest,No repository write; remove only task-created extraction after preserving reports.,NO,BASELINE-DISPOSITION,NO_APPROVAL_REQUIRED,H0_PREPARATION
AZPR-autonomous-execution-primed-draft-v10.1.zip,legacy/v9-candidate/TRUSTED-INSTALLATION.md,aa220ead54bcf333075d833eedb5bf30f30350f15d37e76038570f92841e4853,HISTORICAL_ONLY,,,QUARANTINE,NONE,Historical or provenance material remains in the frozen archive; no active repository destination is needed.,none,SHA-256 and containing archive manifest,No repository write; remove only task-created extraction after preserving reports.,NO,BASELINE-DISPOSITION,NO_APPROVAL_REQUIRED,H0_PREPARATION
AZPR-autonomous-execution-primed-draft-v10.1.zip,legacy/v9-candidate/V7-FINDING-CLOSURE-MATRIX.md,ae07936f2ff5b25ff430073e7030516bd5a6e487f9e5ff29fc89b35fab23b654,HISTORICAL_ONLY,,,QUARANTINE,NONE,Historical or provenance material remains in the frozen archive; no active repository destination is needed.,none,SHA-256 and containing archive manifest,No repository write; remove only task-created extraction after preserving reports.,NO,BASELINE-DISPOSITION,NO_APPROVAL_REQUIRED,H0_PREPARATION
AZPR-autonomous-execution-primed-draft-v10.1.zip,legacy/v9-candidate/V8-ADVERSARIAL-TEST-REPORT.md,16c12c85179916d53e4c7757936c147dcba86c6fa833a7b85d05677c927f4a80,HISTORICAL_ONLY,,,QUARANTINE,NONE,Historical or provenance material remains in the frozen archive; no active repository destination is needed.,none,SHA-256 and containing archive manifest,No repository write; remove only task-created extraction after preserving reports.,NO,BASELINE-DISPOSITION,NO_APPROVAL_REQUIRED,H0_PREPARATION
AZPR-autonomous-execution-primed-draft-v10.1.zip,legacy/v9-candidate/V8-FINDING-CLOSURE-MATRIX.md,87239666b2a9d3e5f0b2ae144432830bfb5eae3e4ec5873fe84edad7ef1449c5,HISTORICAL_ONLY,,,QUARANTINE,NONE,Historical or provenance material remains in the frozen archive; no active repository destination is needed.,none,SHA-256 and containing archive manifest,No repository write; remove only task-created extraction after preserving reports.,NO,BASELINE-DISPOSITION,NO_APPROVAL_REQUIRED,H0_PREPARATION
AZPR-autonomous-execution-primed-draft-v10.1.zip,legacy/v9-candidate/V8-INDEPENDENT-VERIFICATION-REPORT.md,6dd143d32bff01ad05655a658b1b93f333025791c527502fc77f8216b288a36b,HISTORICAL_ONLY,,,QUARANTINE,NONE,Historical or provenance material remains in the frozen archive; no active repository destination is needed.,none,SHA-256 and containing archive manifest,No repository write; remove only task-created extraction after preserving reports.,NO,BASELINE-DISPOSITION,NO_APPROVAL_REQUIRED,H0_PREPARATION
AZPR-autonomous-execution-primed-draft-v10.1.zip,legacy/v9-candidate/V8-INSTALLER-FAULT-MATRIX-REPORT.md,9782583bf7e4d8aadf5a7ef7140175394372f104d84deb39cdecb73bf3029efa,HISTORICAL_ONLY,,,QUARANTINE,NONE,Historical or provenance material remains in the frozen archive; no active repository destination is needed.,none,SHA-256 and containing archive manifest,No repository write; remove only task-created extraction after preserving reports.,NO,BASELINE-DISPOSITION,NO_APPROVAL_REQUIRED,H0_PREPARATION
AZPR-autonomous-execution-primed-draft-v10.1.zip,legacy/v9-candidate/V8-KNOWN-LIMITATIONS-AND-QUALIFICATION-DEPENDENCIES.md,40d8b67f8ad865a8c7fbf6bd3b9f98643240d6fbad8aece5d3fb054a7964ae8c,HISTORICAL_ONLY,,,QUARANTINE,NONE,Historical or provenance material remains in the frozen archive; no active repository destination is needed.,none,SHA-256 and containing archive manifest,No repository write; remove only task-created extraction after preserving reports.,NO,BASELINE-DISPOSITION,NO_APPROVAL_REQUIRED,H0_PREPARATION
AZPR-autonomous-execution-primed-draft-v10.1.zip,legacy/v9-candidate/V8-QUALIFICATION-HANDOFF.md,0531cadf7e197d501a5d5af4d7e3c87914dd02ebd4676003f34d196687de4695,HISTORICAL_ONLY,,,QUARANTINE,NONE,Historical or provenance material remains in the frozen archive; no active repository destination is needed.,none,SHA-256 and containing archive manifest,No repository write; remove only task-created extraction after preserving reports.,NO,BASELINE-DISPOSITION,NO_APPROVAL_REQUIRED,H0_PREPARATION
AZPR-autonomous-execution-primed-draft-v10.1.zip,legacy/v9-candidate/V9-ADVERSARIAL-AND-MUTATION-TEST-REPORT.md,d80983b518d966ce08220687ede714514e57bf3353dbde5645ae6b0ecfe8006b,HISTORICAL_ONLY,,,QUARANTINE,NONE,Historical or provenance material remains in the frozen archive; no active repository destination is needed.,none,SHA-256 and containing archive manifest,No repository write; remove only task-created extraction after preserving reports.,NO,BASELINE-DISPOSITION,NO_APPROVAL_REQUIRED,H0_PREPARATION
AZPR-autonomous-execution-primed-draft-v10.1.zip,legacy/v9-candidate/V9-AFFECTED-FILES-FUNCTIONS-SCHEMAS-AND-MODIFICATION-BOUNDARIES.md,864705ffacc0a76c139202740bac973f7e549cc8a176ac8b5af8aca1d1f21223,HISTORICAL_ONLY,,,QUARANTINE,NONE,Historical or provenance material remains in the frozen archive; no active repository destination is needed.,none,SHA-256 and containing archive manifest,No repository write; remove only task-created extraction after preserving reports.,NO,BASELINE-DISPOSITION,NO_APPROVAL_REQUIRED,H0_PREPARATION
AZPR-autonomous-execution-primed-draft-v10.1.zip,legacy/v9-candidate/V9-AUTHORIZATION-ANCHOR-REPLAY-RECOVERY-REPORT.md,25e0e7860fa1745f43cc775c5b74e1e5e7cdca95c573204878783d753eaca885,HISTORICAL_ONLY,,,QUARANTINE,NONE,Historical or provenance material remains in the frozen archive; no active repository destination is needed.,none,SHA-256 and containing archive manifest,No repository write; remove only task-created extraction after preserving reports.,NO,BASELINE-DISPOSITION,NO_APPROVAL_REQUIRED,H0_PREPARATION
AZPR-autonomous-execution-primed-draft-v10.1.zip,legacy/v9-candidate/V9-INSTALLER-TRANSACTION-CONCURRENCY-FAULT-REPORT.md,fbe56cfb3e75cd8cce2d9b305321f9b54896bd5b3916a227913db943c174b5f0,HISTORICAL_ONLY,,,QUARANTINE,NONE,Historical or provenance material remains in the frozen archive; no active repository destination is needed.,none,SHA-256 and containing archive manifest,No repository write; remove only task-created extraction after preserving reports.,NO,BASELINE-DISPOSITION,NO_APPROVAL_REQUIRED,H0_PREPARATION
AZPR-autonomous-execution-primed-draft-v10.1.zip,legacy/v9-candidate/V9-KEY-LIFECYCLE-ATOMICITY-STATUS.md,41c2e2604e5b177b97f112bc1907b709fa1e11a47acac200a0e1893754eaca3d,HISTORICAL_ONLY,,,QUARANTINE,NONE,Historical or provenance material remains in the frozen archive; no active repository destination is needed.,none,SHA-256 and containing archive manifest,No repository write; remove only task-created extraction after preserving reports.,NO,BASELINE-DISPOSITION,NO_APPROVAL_REQUIRED,H0_PREPARATION
AZPR-autonomous-execution-primed-draft-v10.1.zip,legacy/v9-candidate/V9-KNOWN-LIMITATIONS-AND-QUALIFICATION-DEPENDENCIES.md,96089a8927812fb5cf6c8681e15a49e87370351b392c259d2e5f888676d4edc0,HISTORICAL_ONLY,,,QUARANTINE,NONE,Historical or provenance material remains in the frozen archive; no active repository destination is needed.,none,SHA-256 and containing archive manifest,No repository write; remove only task-created extraction after preserving reports.,NO,BASELINE-DISPOSITION,NO_APPROVAL_REQUIRED,H0_PREPARATION
AZPR-autonomous-execution-primed-draft-v10.1.zip,legacy/v9-candidate/V9-MACHINE-REPRODUCIBLE-EVIDENCE-DERIVATION-REPORT.md,1deb04d9ad823719268662f5d8e0683f2de716963c3be6325fb55c472b772b50,HISTORICAL_ONLY,,,QUARANTINE,NONE,Historical or provenance material remains in the frozen archive; no active repository destination is needed.,none,SHA-256 and containing archive manifest,No repository write; remove only task-created extraction after preserving reports.,NO,BASELINE-DISPOSITION,NO_APPROVAL_REQUIRED,H0_PREPARATION
AZPR-autonomous-execution-primed-draft-v10.1.zip,legacy/v9-candidate/V9-QUALIFICATION-HANDOFF.md,2280e443d5790510da8da3b01fbae59e8f2601a8c4b07d66ba73c29a6988ea25,HISTORICAL_ONLY,,,QUARANTINE,NONE,Historical or provenance material remains in the frozen archive; no active repository destination is needed.,none,SHA-256 and containing archive manifest,No repository write; remove only task-created extraction after preserving reports.,NO,BASELINE-DISPOSITION,NO_APPROVAL_REQUIRED,H0_PREPARATION
AZPR-autonomous-execution-primed-draft-v10.1.zip,legacy/v9-candidate/V9-QUALIFICATION-ONLY-PHASE-TRANSITION-REPORT.md,efde9f3a5b5c6c9d82037e4a20166a9541c0934a7e27dc23a18436754063641b,HISTORICAL_ONLY,,,QUARANTINE,NONE,Historical or provenance material remains in the frozen archive; no active repository destination is needed.,none,SHA-256 and containing archive manifest,No repository write; remove only task-created extraction after preserving reports.,NO,BASELINE-DISPOSITION,NO_APPROVAL_REQUIRED,H0_PREPARATION
AZPR-autonomous-execution-primed-draft-v10.1.zip,legacy/v9-candidate/V9-QUALIFICATION-PROBE-ISOLATION-AND-EXTERNAL-SIGNING-REPORT.md,cf9a618d73e425a4443d43acdbc377aeab5d06df6ba1e1b2e11c29ca733b1326,HISTORICAL_ONLY,,,QUARANTINE,NONE,Historical or provenance material remains in the frozen archive; no active repository destination is needed.,none,SHA-256 and containing archive manifest,No repository write; remove only task-created extraction after preserving reports.,NO,BASELINE-DISPOSITION,NO_APPROVAL_REQUIRED,H0_PREPARATION
AZPR-autonomous-execution-primed-draft-v10.1.zip,legacy/v9-candidate/V9-QUALIFICATION-TO-INSTALLATION-BINDING-MATRIX.md,c4ae064462ba00947d94c072b86be35209f06cef83a285dcfee5433374f3bace,HISTORICAL_ONLY,,,QUARANTINE,NONE,Historical or provenance material remains in the frozen archive; no active repository destination is needed.,none,SHA-256 and containing archive manifest,No repository write; remove only task-created extraction after preserving reports.,NO,BASELINE-DISPOSITION,NO_APPROVAL_REQUIRED,H0_PREPARATION
AZPR-autonomous-execution-primed-draft-v10.1.zip,legacy/v9-candidate/V9-SECURITY-INVARIANTS-AND-ARCHITECTURE.md,3a083c4531e441af86a8a382d7050051ad44854dafc65fa82d0508a669c59189,HISTORICAL_ONLY,,,QUARANTINE,NONE,Historical or provenance material remains in the frozen archive; no active repository destination is needed.,none,SHA-256 and containing archive manifest,No repository write; remove only task-created extraction after preserving reports.,NO,BASELINE-DISPOSITION,NO_APPROVAL_REQUIRED,H0_PREPARATION
AZPR-autonomous-execution-primed-draft-v10.1.zip,legacy/v9-candidate/V9-SECURITY-SCORECARD.json,4ec906a178eeb582bfeb44ca998d38d8631224ac813f1293c338fd281ff4cb31,HISTORICAL_ONLY,,,QUARANTINE,NONE,Historical or provenance material remains in the frozen archive; no active repository destination is needed.,none,SHA-256 and containing archive manifest,No repository write; remove only task-created extraction after preserving reports.,NO,BASELINE-DISPOSITION,NO_APPROVAL_REQUIRED,H0_PREPARATION
AZPR-autonomous-execution-primed-draft-v10.1.zip,legacy/v9-candidate/V9-SECURITY-VERIFICATION-SUMMARY.json,65a81b2d2183a623a6a84b73e97d52e95814f1cd3bd5921770170770dec389ef,HISTORICAL_ONLY,,,QUARANTINE,NONE,Historical or provenance material remains in the frozen archive; no active repository destination is needed.,none,SHA-256 and containing archive manifest,No repository write; remove only task-created extraction after preserving reports.,NO,BASELINE-DISPOSITION,NO_APPROVAL_REQUIRED,H0_PREPARATION
AZPR-autonomous-execution-primed-draft-v10.1.zip,legacy/v9-candidate/VERIFY-AUTONOMOUS-DRAFT.py,692ea3391e182aada736a107792ed728accc253d06832167d87be86ef102ebae,HISTORICAL_ONLY,,,QUARANTINE,NONE,Historical or provenance material remains in the frozen archive; no active repository destination is needed.,none,SHA-256 and containing archive manifest,No repository write; remove only task-created extraction after preserving reports.,NO,BASELINE-DISPOSITION,NO_APPROVAL_REQUIRED,H0_PREPARATION
AZPR-autonomous-execution-primed-draft-v10.1.zip,legacy/v9-candidate/VERIFY-REPORTS-BUNDLE.py,79973a6ed0ba9ddefb783f4960fa634e70d902b76222906ec33c2e5ebbfe5046,HISTORICAL_ONLY,,,QUARANTINE,NONE,Historical or provenance material remains in the frozen archive; no active repository destination is needed.,none,SHA-256 and containing archive manifest,No repository write; remove only task-created extraction after preserving reports.,NO,BASELINE-DISPOSITION,NO_APPROVAL_REQUIRED,H0_PREPARATION
AZPR-autonomous-execution-primed-draft-v10.1.zip,legacy/v9-candidate/VERIFY-V9-CANDIDATE.py,3ee81fa1cfd9f4c20faa79910668812c579c097176ccd2cb379328c3c0b5e2f0,HISTORICAL_ONLY,,,QUARANTINE,NONE,Historical or provenance material remains in the frozen archive; no active repository destination is needed.,none,SHA-256 and containing archive manifest,No repository write; remove only task-created extraction after preserving reports.,NO,BASELINE-DISPOSITION,NO_APPROVAL_REQUIRED,H0_PREPARATION
AZPR-autonomous-execution-primed-draft-v10.1.zip,markdown-prompts-autonomous-priming-draft.zip,3b235cb7e33ca409241ff26523f60f8fee89cec524b3f09e91a69927a0aa4880,REPOSITORY_PROMPT,,automation/numbered/markdown-prompts.zip,ADD,NONE,Replace the prior canonical prompt archive with the byte-identical selected v10.1 archive after archiving the prior bytes.,all 41 canonical prompt destinations; prompt manifest rebuild,SHA-256 equals standalone prompt archive and overlay prompt bytes,No repository write; remove only task-created extraction after preserving reports.,YES,MAP-PROMPTS-V10.1,READY_FOR_APPROVAL,H1_REPOSITORY_INTEGRATION
AZPR-autonomous-execution-primed-draft-v10.1.zip,operator-tools/apply_key_lifecycle_transition.py,4839ee1c0e3ed87f9f020a191c232b4e0d90b413a361df0687c6de492010de99,OPERATOR_TOOL,,,DEFER,NONE,Dormant external candidate; no repository destination or execution authority until separate host qualification and cutover approval.,ADR-0009 H2/H3 gates; approved external trust boundary,source-only verification; never execute privileged/install paths in this task,No repository write; remove only task-created extraction after preserving reports.,NO,MAP-EXTERNAL-CONTROLLER,READY_FOR_APPROVAL,H2_EXTERNAL_QUALIFICATION
AZPR-autonomous-execution-primed-draft-v10.1.zip,operator-tools/apply_key_lifecycle_transition_v9.py,b8392944255784ac32e9d58eab94a3339904ae42073c80969a8d48d74ba63a12,OPERATOR_TOOL,,,DEFER,NONE,Dormant external candidate; no repository destination or execution authority until separate host qualification and cutover approval.,ADR-0009 H2/H3 gates; approved external trust boundary,source-only verification; never execute privileged/install paths in this task,No repository write; remove only task-created extraction after preserving reports.,NO,MAP-EXTERNAL-CONTROLLER,READY_FOR_APPROVAL,H2_EXTERNAL_QUALIFICATION
AZPR-autonomous-execution-primed-draft-v10.1.zip,operator-tools/build_supply_chain_bundle.py,7bf2d4f54ab9fbf53ca363f0d416ababc5b84a81cac7c332e6985d5e607d4e51,OPERATOR_TOOL,,,DEFER,NONE,Dormant external candidate; no repository destination or execution authority until separate host qualification and cutover approval.,ADR-0009 H2/H3 gates; approved external trust boundary,source-only verification; never execute privileged/install paths in this task,No repository write; remove only task-created extraction after preserving reports.,NO,MAP-EXTERNAL-CONTROLLER,READY_FOR_APPROVAL,H2_EXTERNAL_QUALIFICATION
AZPR-autonomous-execution-primed-draft-v10.1.zip,operator-tools/build_v8_qualification_fixture.py,bb7e449579e7fae220afae94f3a1214b0ad69ebca7850880da37781a3309c1dc,OPERATOR_TOOL,,,DEFER,NONE,Dormant external candidate; no repository destination or execution authority until separate host qualification and cutover approval.,ADR-0009 H2/H3 gates; approved external trust boundary,source-only verification; never execute privileged/install paths in this task,No repository write; remove only task-created extraction after preserving reports.,NO,MAP-EXTERNAL-CONTROLLER,READY_FOR_APPROVAL,H2_EXTERNAL_QUALIFICATION
AZPR-autonomous-execution-primed-draft-v10.1.zip,operator-tools/create_bundle_attestation.py,2b05aad0e0b17439f7c4fdae282232e3b21c71b4f71eb63a8cc4ef2b149a0a3a,OPERATOR_TOOL,,,DEFER,NONE,Dormant external candidate; no repository destination or execution authority until separate host qualification and cutover approval.,ADR-0009 H2/H3 gates; approved external trust boundary,source-only verification; never execute privileged/install paths in this task,No repository write; remove only task-created extraction after preserving reports.,NO,MAP-EXTERNAL-CONTROLLER,READY_FOR_APPROVAL,H2_EXTERNAL_QUALIFICATION
AZPR-autonomous-execution-primed-draft-v10.1.zip,operator-tools/create_canonical_policy_record.py,00bf09d36dbbcd091d18ff4ec5aa419f853a7eaa602352c984007f7abe147a8c,OPERATOR_TOOL,,,DEFER,NONE,Dormant external candidate; no repository destination or execution authority until separate host qualification and cutover approval.,ADR-0009 H2/H3 gates; approved external trust boundary,source-only verification; never execute privileged/install paths in this task,No repository write; remove only task-created extraction after preserving reports.,NO,MAP-EXTERNAL-CONTROLLER,READY_FOR_APPROVAL,H2_EXTERNAL_QUALIFICATION
AZPR-autonomous-execution-primed-draft-v10.1.zip,operator-tools/create_dependency_mirror_attestation.py,5fe9b0636713be84043000b4ee24d366b639422ea7b81161153fccb40d074bbe,OPERATOR_TOOL,,,DEFER,NONE,Dormant external candidate; no repository destination or execution authority until separate host qualification and cutover approval.,ADR-0009 H2/H3 gates; approved external trust boundary,source-only verification; never execute privileged/install paths in this task,No repository write; remove only task-created extraction after preserving reports.,NO,MAP-EXTERNAL-CONTROLLER,READY_FOR_APPROVAL,H2_EXTERNAL_QUALIFICATION
AZPR-autonomous-execution-primed-draft-v10.1.zip,operator-tools/create_key_lifecycle_transition.py,24cd05cfa94c6be10f8411e8503c098485758634b69db357deafa603b198cf00,OPERATOR_TOOL,,,DEFER,NONE,Dormant external candidate; no repository destination or execution authority until separate host qualification and cutover approval.,ADR-0009 H2/H3 gates; approved external trust boundary,source-only verification; never execute privileged/install paths in this task,No repository write; remove only task-created extraction after preserving reports.,NO,MAP-EXTERNAL-CONTROLLER,READY_FOR_APPROVAL,H2_EXTERNAL_QUALIFICATION
AZPR-autonomous-execution-primed-draft-v10.1.zip,operator-tools/create_roadmap_regeneration_authorization.py,d356ce45dd2c36a085e71fa839f26e9e48517ff3215ed10472dc83bb1b146107,OPERATOR_TOOL,,,DEFER,NONE,Dormant external candidate; no repository destination or execution authority until separate host qualification and cutover approval.,ADR-0009 H2/H3 gates; approved external trust boundary,source-only verification; never execute privileged/install paths in this task,No repository write; remove only task-created extraction after preserving reports.,NO,MAP-EXTERNAL-CONTROLLER,READY_FOR_APPROVAL,H2_EXTERNAL_QUALIFICATION
AZPR-autonomous-execution-primed-draft-v10.1.zip,operator-tools/create_v8_installation_authorization.py,2cabe297f8007b56531c476bf3785dd95d9fffa5521ef52447e3e77666ffc699,OPERATOR_TOOL,,,DEFER,NONE,Dormant external candidate; no repository destination or execution authority until separate host qualification and cutover approval.,ADR-0009 H2/H3 gates; approved external trust boundary,source-only verification; never execute privileged/install paths in this task,No repository write; remove only task-created extraction after preserving reports.,NO,MAP-EXTERNAL-CONTROLLER,READY_FOR_APPROVAL,H2_EXTERNAL_QUALIFICATION
AZPR-autonomous-execution-primed-draft-v10.1.zip,operator-tools/create_validation_image_attestation.py,793717fe62e279d6fae7ba55719d4d7bf25a37faf7ae00fd8e8e27931c4b6738,OPERATOR_TOOL,,,DEFER,NONE,Dormant external candidate; no repository destination or execution authority until separate host qualification and cutover approval.,ADR-0009 H2/H3 gates; approved external trust boundary,source-only verification; never execute privileged/install paths in this task,No repository write; remove only task-created extraction after preserving reports.,NO,MAP-EXTERNAL-CONTROLLER,READY_FOR_APPROVAL,H2_EXTERNAL_QUALIFICATION
AZPR-autonomous-execution-primed-draft-v10.1.zip,operator-tools/exercise_agent_handoff.py,2f28bbf9f1ba4d3aa62896743049ceab056458aac1d416d3af6a35f324f8a2d3,OPERATOR_TOOL,,,DEFER,NONE,Dormant external candidate; no repository destination or execution authority until separate host qualification and cutover approval.,ADR-0009 H2/H3 gates; approved external trust boundary,source-only verification; never execute privileged/install paths in this task,No repository write; remove only task-created extraction after preserving reports.,NO,MAP-EXTERNAL-CONTROLLER,READY_FOR_APPROVAL,H2_EXTERNAL_QUALIFICATION
AZPR-autonomous-execution-primed-draft-v10.1.zip,operator-tools/exercise_v8_execution_unit.py,1061fbcce766edda3068b2f81131e361ceb482ddc7116dd6b45d6dd1886eefa2,OPERATOR_TOOL,,,DEFER,NONE,Dormant external candidate; no repository destination or execution authority until separate host qualification and cutover approval.,ADR-0009 H2/H3 gates; approved external trust boundary,source-only verification; never execute privileged/install paths in this task,No repository write; remove only task-created extraction after preserving reports.,NO,MAP-EXTERNAL-CONTROLLER,READY_FOR_APPROVAL,H2_EXTERNAL_QUALIFICATION
AZPR-autonomous-execution-primed-draft-v10.1.zip,operator-tools/extract_master_prompt_docx.py,4e168dea1503dc512416a9fed52cc39e865e5c4339d28af93ecb6ecac9998295,OPERATOR_TOOL,,,DEFER,NONE,Dormant external candidate; no repository destination or execution authority until separate host qualification and cutover approval.,ADR-0009 H2/H3 gates; approved external trust boundary,source-only verification; never execute privileged/install paths in this task,No repository write; remove only task-created extraction after preserving reports.,NO,MAP-EXTERNAL-CONTROLLER,READY_FOR_APPROVAL,H2_EXTERNAL_QUALIFICATION
AZPR-autonomous-execution-primed-draft-v10.1.zip,operator-tools/file_anchor_reference.py,656d71685d9353cc2689cf6c3e64724cb9b80ed27a7731139fa8f929a3a5d5d8,OPERATOR_TOOL,,,DEFER,NONE,Dormant external candidate; no repository destination or execution authority until separate host qualification and cutover approval.,ADR-0009 H2/H3 gates; approved external trust boundary,source-only verification; never execute privileged/install paths in this task,No repository write; remove only task-created extraction after preserving reports.,NO,MAP-EXTERNAL-CONTROLLER,READY_FOR_APPROVAL,H2_EXTERNAL_QUALIFICATION
AZPR-autonomous-execution-primed-draft-v10.1.zip,operator-tools/generate_controller_config.py,30c14f88c11723ce2cf478b77f723d60a1096a9525a6f31efae69d37286ab6ef,OPERATOR_TOOL,,,DEFER,NONE,Dormant external candidate; no repository destination or execution authority until separate host qualification and cutover approval.,ADR-0009 H2/H3 gates; approved external trust boundary,source-only verification; never execute privileged/install paths in this task,No repository write; remove only task-created extraction after preserving reports.,NO,MAP-EXTERNAL-CONTROLLER,READY_FOR_APPROVAL,H2_EXTERNAL_QUALIFICATION
AZPR-autonomous-execution-primed-draft-v10.1.zip,operator-tools/generate_ed25519_keypair.py,0dfa81816b61abee214d999d60387d4bf2e012d82e5c2703760e1db19df5895f,OPERATOR_TOOL,,,DEFER,NONE,Dormant external candidate; no repository destination or execution authority until separate host qualification and cutover approval.,ADR-0009 H2/H3 gates; approved external trust boundary,source-only verification; never execute privileged/install paths in this task,No repository write; remove only task-created extraction after preserving reports.,NO,MAP-EXTERNAL-CONTROLLER,READY_FOR_APPROVAL,H2_EXTERNAL_QUALIFICATION
AZPR-autonomous-execution-primed-draft-v10.1.zip,operator-tools/sign_json_ed25519.py,039a4cd6de6e9811ea71de31ff89921b039d70f869efda8b09003aa16cde580f,OPERATOR_TOOL,,,DEFER,NONE,Dormant external candidate; no repository destination or execution authority until separate host qualification and cutover approval.,ADR-0009 H2/H3 gates; approved external trust boundary,source-only verification; never execute privileged/install paths in this task,No repository write; remove only task-created extraction after preserving reports.,NO,MAP-EXTERNAL-CONTROLLER,READY_FOR_APPROVAL,H2_EXTERNAL_QUALIFICATION
AZPR-autonomous-execution-primed-draft-v10.1.zip,operator-tools/v10_1_host_trust.py,aee31ceb419019a66abcd4ec18e568148e856d76084260e3eb914075022129d4,OPERATOR_TOOL,,,DEFER,NONE,Dormant external candidate; no repository destination or execution authority until separate host qualification and cutover approval.,ADR-0009 H2/H3 gates; approved external trust boundary,source-only verification; never execute privileged/install paths in this task,No repository write; remove only task-created extraction after preserving reports.,NO,MAP-EXTERNAL-CONTROLLER,READY_FOR_APPROVAL,H2_EXTERNAL_QUALIFICATION
AZPR-autonomous-execution-primed-draft-v10.1.zip,operator-tools/v10_external_signer_client.py,d2e04730a656d73e408ab855f2c51034abfb1725fefd7c245a9ffad217acb76e,OPERATOR_TOOL,,,DEFER,NONE,Dormant external candidate; no repository destination or execution authority until separate host qualification and cutover approval.,ADR-0009 H2/H3 gates; approved external trust boundary,source-only verification; never execute privileged/install paths in this task,No repository write; remove only task-created extraction after preserving reports.,NO,MAP-EXTERNAL-CONTROLLER,READY_FOR_APPROVAL,H2_EXTERNAL_QUALIFICATION
AZPR-autonomous-execution-primed-draft-v10.1.zip,operator-tools/v10_probe_boundary.py,d7f82bdef45bc56406580739aed770aefcf589d2811fc85bc19f37684e3cf3f5,OPERATOR_TOOL,,,DEFER,NONE,Dormant external candidate; no repository destination or execution authority until separate host qualification and cutover approval.,ADR-0009 H2/H3 gates; approved external trust boundary,source-only verification; never execute privileged/install paths in this task,No repository write; remove only task-created extraction after preserving reports.,NO,MAP-EXTERNAL-CONTROLLER,READY_FOR_APPROVAL,H2_EXTERNAL_QUALIFICATION
AZPR-autonomous-execution-primed-draft-v10.1.zip,operator-tools/v10_trusted_io.py,e503078a5eabcf33b7356e75d4d7163c9fb39d727273193add5339d2429e44aa,OPERATOR_TOOL,,,DEFER,NONE,Dormant external candidate; no repository destination or execution authority until separate host qualification and cutover approval.,ADR-0009 H2/H3 gates; approved external trust boundary,source-only verification; never execute privileged/install paths in this task,No repository write; remove only task-created extraction after preserving reports.,NO,MAP-EXTERNAL-CONTROLLER,READY_FOR_APPROVAL,H2_EXTERNAL_QUALIFICATION
AZPR-autonomous-execution-primed-draft-v10.1.zip,operator-tools/v7_phase_boundary_harness.py,827667727808497b4fd42e654d3a1bede0ddfafbb34b6ba097a9d03764e34ce9,OPERATOR_TOOL,,,DEFER,NONE,Dormant external candidate; no repository destination or execution authority until separate host qualification and cutover approval.,ADR-0009 H2/H3 gates; approved external trust boundary,source-only verification; never execute privileged/install paths in this task,No repository write; remove only task-created extraction after preserving reports.,NO,MAP-EXTERNAL-CONTROLLER,READY_FOR_APPROVAL,H2_EXTERNAL_QUALIFICATION
AZPR-autonomous-execution-primed-draft-v10.1.zip,operator-tools/v8_security_boundary_harness.py,d416da748f9cabee84055f3c354b7821a21f09aa75372b6970cddc982c90dc1a,OPERATOR_TOOL,,,DEFER,NONE,Dormant external candidate; no repository destination or execution authority until separate host qualification and cutover approval.,ADR-0009 H2/H3 gates; approved external trust boundary,source-only verification; never execute privileged/install paths in this task,No repository write; remove only task-created extraction after preserving reports.,NO,MAP-EXTERNAL-CONTROLLER,READY_FOR_APPROVAL,H2_EXTERNAL_QUALIFICATION
AZPR-autonomous-execution-primed-draft-v10.1.zip,operator-tools/v9_evidence_derivation.py,c3d35e2baf51f434f20cd40108939b594212bd82481579cde96c2e0cdeba908d,OPERATOR_TOOL,,,DEFER,NONE,Dormant external candidate; no repository destination or execution authority until separate host qualification and cutover approval.,ADR-0009 H2/H3 gates; approved external trust boundary,source-only verification; never execute privileged/install paths in this task,No repository write; remove only task-created extraction after preserving reports.,NO,MAP-EXTERNAL-CONTROLLER,READY_FOR_APPROVAL,H2_EXTERNAL_QUALIFICATION
AZPR-autonomous-execution-primed-draft-v10.1.zip,operator-tools/v9_external_signer_client.py,f977c8e52dedb4372192f2c231c5eb645dbbc6f4f7d5de17d0a338f97c0e6a7e,OPERATOR_TOOL,,,DEFER,NONE,Dormant external candidate; no repository destination or execution authority until separate host qualification and cutover approval.,ADR-0009 H2/H3 gates; approved external trust boundary,source-only verification; never execute privileged/install paths in this task,No repository write; remove only task-created extraction after preserving reports.,NO,MAP-EXTERNAL-CONTROLLER,READY_FOR_APPROVAL,H2_EXTERNAL_QUALIFICATION
AZPR-autonomous-execution-primed-draft-v10.1.zip,operator-tools/v9_external_signer_reference.py,616f213eaab6aa6aa7f800fca03845dcf737aefa9018f67ceee8c88d6a787e87,OPERATOR_TOOL,,,DEFER,NONE,Dormant external candidate; no repository destination or execution authority until separate host qualification and cutover approval.,ADR-0009 H2/H3 gates; approved external trust boundary,source-only verification; never execute privileged/install paths in this task,No repository write; remove only task-created extraction after preserving reports.,NO,MAP-EXTERNAL-CONTROLLER,READY_FOR_APPROVAL,H2_EXTERNAL_QUALIFICATION
AZPR-autonomous-execution-primed-draft-v10.1.zip,operator-tools/v9_file_anchor_reference.py,3b10f4272a53043025e316250b3d74fcb769d49635a0fb290f35ecc88738b8b4,OPERATOR_TOOL,,,DEFER,NONE,Dormant external candidate; no repository destination or execution authority until separate host qualification and cutover approval.,ADR-0009 H2/H3 gates; approved external trust boundary,source-only verification; never execute privileged/install paths in this task,No repository write; remove only task-created extraction after preserving reports.,NO,MAP-EXTERNAL-CONTROLLER,READY_FOR_APPROVAL,H2_EXTERNAL_QUALIFICATION
AZPR-autonomous-execution-primed-draft-v10.1.zip,operator-tools/v9_probe_boundary.py,af1c15139b6eac6a956e0a52ac5808e7e44ffcb9bbf8322c8cff039c1546a871,OPERATOR_TOOL,,,DEFER,NONE,Dormant external candidate; no repository destination or execution authority until separate host qualification and cutover approval.,ADR-0009 H2/H3 gates; approved external trust boundary,source-only verification; never execute privileged/install paths in this task,No repository write; remove only task-created extraction after preserving reports.,NO,MAP-EXTERNAL-CONTROLLER,READY_FOR_APPROVAL,H2_EXTERNAL_QUALIFICATION
AZPR-autonomous-execution-primed-draft-v10.1.zip,operator-tools/verify_repository_topology.py,d3ef76351e1f6f7ec86f9e1b4236075f89abf9edf299c93b60a1db1074e12622,OPERATOR_TOOL,,,DEFER,NONE,Dormant external candidate; no repository destination or execution authority until separate host qualification and cutover approval.,ADR-0009 H2/H3 gates; approved external trust boundary,source-only verification; never execute privileged/install paths in this task,No repository write; remove only task-created extraction after preserving reports.,NO,MAP-EXTERNAL-CONTROLLER,READY_FOR_APPROVAL,H2_EXTERNAL_QUALIFICATION
AZPR-autonomous-execution-primed-draft-v10.1.zip,operator-tools/verify_v10_cleanroom_prerequisites.py,94e13e436ec3ca53c35c61f7336e7c49cc593732c7cc8fc417d6598a92fb0919,OPERATOR_TOOL,,,DEFER,NONE,Dormant external candidate; no repository destination or execution authority until separate host qualification and cutover approval.,ADR-0009 H2/H3 gates; approved external trust boundary,source-only verification; never execute privileged/install paths in this task,No repository write; remove only task-created extraction after preserving reports.,NO,MAP-EXTERNAL-CONTROLLER,READY_FOR_APPROVAL,H2_EXTERNAL_QUALIFICATION
AZPR-autonomous-execution-primed-draft-v10.1.zip,operator-tools/verify_v6_cleanroom_prerequisites.py,714a0fd13a28a608fdeb445d18b099ee0e1df12a4282eb69dd4ae5361104c260,OPERATOR_TOOL,,,DEFER,NONE,Dormant external candidate; no repository destination or execution authority until separate host qualification and cutover approval.,ADR-0009 H2/H3 gates; approved external trust boundary,source-only verification; never execute privileged/install paths in this task,No repository write; remove only task-created extraction after preserving reports.,NO,MAP-EXTERNAL-CONTROLLER,READY_FOR_APPROVAL,H2_EXTERNAL_QUALIFICATION
AZPR-autonomous-execution-primed-draft-v10.1.zip,operator-tools/verify_v7_cleanroom_prerequisites.py,52600835607ee1e33498024ac84760906df8bbc3b1a01bf62b219f37fee965a1,OPERATOR_TOOL,,,DEFER,NONE,Dormant external candidate; no repository destination or execution authority until separate host qualification and cutover approval.,ADR-0009 H2/H3 gates; approved external trust boundary,source-only verification; never execute privileged/install paths in this task,No repository write; remove only task-created extraction after preserving reports.,NO,MAP-EXTERNAL-CONTROLLER,READY_FOR_APPROVAL,H2_EXTERNAL_QUALIFICATION
AZPR-autonomous-execution-primed-draft-v10.1.zip,operator-tools/verify_v8_cleanroom_prerequisites.py,88c4691aa1d32b0f516458d061db9bce7d9de67414f63212de39821a40111482,OPERATOR_TOOL,,,DEFER,NONE,Dormant external candidate; no repository destination or execution authority until separate host qualification and cutover approval.,ADR-0009 H2/H3 gates; approved external trust boundary,source-only verification; never execute privileged/install paths in this task,No repository write; remove only task-created extraction after preserving reports.,NO,MAP-EXTERNAL-CONTROLLER,READY_FOR_APPROVAL,H2_EXTERNAL_QUALIFICATION
AZPR-autonomous-execution-primed-draft-v10.1.zip,operator-tools/verify_v9_cleanroom_prerequisites.py,4140d32db773d40f95c10bf396aa40f692d3d11f19d7222d3f8771e9bef4e5f7,OPERATOR_TOOL,,,DEFER,NONE,Dormant external candidate; no repository destination or execution authority until separate host qualification and cutover approval.,ADR-0009 H2/H3 gates; approved external trust boundary,source-only verification; never execute privileged/install paths in this task,No repository write; remove only task-created extraction after preserving reports.,NO,MAP-EXTERNAL-CONTROLLER,READY_FOR_APPROVAL,H2_EXTERNAL_QUALIFICATION
AZPR-autonomous-execution-primed-draft-v10.1.zip,policy-tools/UNAPPROVED-legacy-condensed-master-prompt.md,f890cf77604819e4408166c14dcc6aeeb7f5dd4319bfa8b641dc11dd69e428e4,HISTORICAL_ONLY,,,QUARANTINE,NONE,Historical or provenance material remains in the frozen archive; no active repository destination is needed.,none,SHA-256 and containing archive manifest,No repository write; remove only task-created extraction after preserving reports.,NO,BASELINE-DISPOSITION,NO_APPROVAL_REQUIRED,H0_PREPARATION
AZPR-autonomous-execution-primed-draft-v10.1.zip,provenance/independent-v9/AZ-Permit-Radar-Master-Operating-Prompt.docx,37800ebde204070d1ac20c2cfff5c809ee4f318cfcc44312514c393077334ae6,HISTORICAL_ONLY,AZ Permit Radar Master Operating Prompt.docx,AZ Permit Radar Master Operating Prompt.docx,KEEP_CURRENT,NONE,"Repository, supplied Legacy, and provenance DOCX copies are byte-identical.",none,SHA-256 equals 37800ebde204070d1ac20c2cfff5c809ee4f318cfcc44312514c393077334ae6,No repository write; remove only task-created extraction after preserving reports.,NO,BASELINE-DISPOSITION,NO_APPROVAL_REQUIRED,H0_PREPARATION
AZPR-autonomous-execution-primed-draft-v10.1.zip,provenance/independent-v9/AZPR-v9-pre-autonomous-execution-evidence.json,c39bc5e66a99a1c494c10fc45676e372b5b900fc01812d4db0a54f3a5435d38c,HISTORICAL_ONLY,,,QUARANTINE,NONE,Historical or provenance material remains in the frozen archive; no active repository destination is needed.,none,SHA-256 and containing archive manifest,No repository write; remove only task-created extraction after preserving reports.,NO,BASELINE-DISPOSITION,NO_APPROVAL_REQUIRED,H0_PREPARATION
AZPR-autonomous-execution-primed-draft-v10.1.zip,provenance/independent-v9/AZPR-v9-pre-autonomous-security-assessment.md,f48445da17fcdc6cc6a6a8418781229414601d5b71222fa20f3e6b1cb174598b,HISTORICAL_ONLY,,,QUARANTINE,NONE,Historical or provenance material remains in the frozen archive; no active repository destination is needed.,none,SHA-256 and containing archive manifest,No repository write; remove only task-created extraction after preserving reports.,NO,BASELINE-DISPOSITION,NO_APPROVAL_REQUIRED,H0_PREPARATION
AZPR-autonomous-execution-primed-draft-v10.1.zip,provenance/independent-v9/V10-SECURITY-DEVELOPMENT-HANDOFF-PROMPT.md,66955ecfc1dacc560eed6d431960cf62a64582df7203e114cb2b75e0e0005f1f,HISTORICAL_ONLY,,,QUARANTINE,NONE,Historical or provenance material remains in the frozen archive; no active repository destination is needed.,none,SHA-256 and containing archive manifest,No repository write; remove only task-created extraction after preserving reports.,NO,BASELINE-DISPOSITION,NO_APPROVAL_REQUIRED,H0_PREPARATION
AZPR-autonomous-execution-primed-draft-v10.1.zip,repository-overlay/AGENTS.md,222afd03d4826e0782adde6566792f59b6cf0e0ff64ae13fb89ebcf3ebc45e36,REPOSITORY_DOCUMENTATION,AGENTS.md,AGENTS.md,KEEP_CURRENT,CONTENT_COLLISION;OWNERSHIP_COLLISION,Delivered governance materially differs; this task forbids policy activation or unapproved authority replacement.,explicit governance decision,byte diff and authority-order review,No repository write; remove only task-created extraction after preserving reports.,YES,BASELINE-DISPOSITION,READY_FOR_APPROVAL,H0_PREPARATION
AZPR-autonomous-execution-primed-draft-v10.1.zip,repository-overlay/automation/appendices/appendix-a-audit-correction-prompt.md,d06425a0de4be32a5d29b1916d86f8442de636105a502c05c9c64df0906e592c,REPOSITORY_PROMPT,automation/appendices/appendix-a-audit-correction-prompt.md,automation/appendices/appendix-a-audit-correction-prompt.md,REPLACE,NONE,Use the project-owner-selected v10.1 implementation-overlay prompt as the sole canonical donor.,ADR-0009; transition contract; whole-mapping human approval,delivered 41-file byte identity; explicit human semantic review,No repository write; remove only task-created extraction after preserving reports.,YES,MAP-PROMPTS-V10.1,READY_FOR_APPROVAL,H1_REPOSITORY_INTEGRATION
AZPR-autonomous-execution-primed-draft-v10.1.zip,repository-overlay/automation/appendices/appendix-b-optional-controlled-sms-canary-enablement-prompt.md,b8211d41b29c1aff3e092abed5932d7ca006b89cb46ff7944fc4c14762bb00ba,REPOSITORY_PROMPT,automation/appendices/appendix-b-optional-controlled-sms-canary-enablement-prompt.md,automation/appendices/appendix-b-optional-controlled-sms-canary-enablement-prompt.md,REPLACE,NONE,Use the project-owner-selected v10.1 implementation-overlay prompt as the sole canonical donor.,ADR-0009; transition contract; whole-mapping human approval,delivered 41-file byte identity; explicit human semantic review,No repository write; remove only task-created extraction after preserving reports.,YES,MAP-PROMPTS-V10.1,READY_FOR_APPROVAL,H1_REPOSITORY_INTEGRATION
AZPR-autonomous-execution-primed-draft-v10.1.zip,repository-overlay/automation/appendices/appendix-c-optional-controlled-sms-canary-activation-audit.md,3b6502a9af9f73efeeefa55b26a7a34d459d8e63fa241cf97def740d50cf031e,REPOSITORY_PROMPT,automation/appendices/appendix-c-optional-controlled-sms-canary-activation-audit.md,automation/appendices/appendix-c-optional-controlled-sms-canary-activation-audit.md,REPLACE,NONE,Use the project-owner-selected v10.1 implementation-overlay prompt as the sole canonical donor.,ADR-0009; transition contract; whole-mapping human approval,delivered 41-file byte identity; explicit human semantic review,No repository write; remove only task-created extraction after preserving reports.,YES,MAP-PROMPTS-V10.1,READY_FOR_APPROVAL,H1_REPOSITORY_INTEGRATION
AZPR-autonomous-execution-primed-draft-v10.1.zip,repository-overlay/automation/numbered/001-close-the-post-core-traceability-release-gate.md,d8594893a0d780d1e6b7c24310da1d59ea0b28ccae126aa82bc3c122ee558bec,REPOSITORY_PROMPT,automation/numbered/001-close-the-post-core-traceability-release-gate.md,automation/numbered/001-close-the-post-core-traceability-release-gate.md,REPLACE,NONE,Use the project-owner-selected v10.1 implementation-overlay prompt as the sole canonical donor.,ADR-0009; transition contract; whole-mapping human approval,delivered 41-file byte identity; explicit human semantic review,No repository write; remove only task-created extraction after preserving reports.,YES,MAP-PROMPTS-V10.1,READY_FOR_APPROVAL,H1_REPOSITORY_INTEGRATION
AZPR-autonomous-execution-primed-draft-v10.1.zip,repository-overlay/automation/numbered/002-post-core-traceability-corrective-audit.md,eca79f169f1fc2510289a95fef0ffc99fd640183c1f6397af65ecd2c16164966,REPOSITORY_PROMPT,automation/numbered/002-post-core-traceability-corrective-audit.md,automation/numbered/002-post-core-traceability-corrective-audit.md,REPLACE,NONE,Use the project-owner-selected v10.1 implementation-overlay prompt as the sole canonical donor.,ADR-0009; transition contract; whole-mapping human approval,delivered 41-file byte identity; explicit human semantic review,No repository write; remove only task-created extraction after preserving reports.,YES,MAP-PROMPTS-V10.1,READY_FOR_APPROVAL,H1_REPOSITORY_INTEGRATION
AZPR-autonomous-execution-primed-draft-v10.1.zip,repository-overlay/automation/numbered/003-define-and-govern-the-narrow-pilot-scope.md,150db831ce9683c32c30febafcd3635c191dd84c222d7ca0528dc348d1a33e9d,REPOSITORY_PROMPT,automation/numbered/003-define-and-govern-the-narrow-pilot-scope.md,automation/numbered/003-define-and-govern-the-narrow-pilot-scope.md,REPLACE,NONE,Use the project-owner-selected v10.1 implementation-overlay prompt as the sole canonical donor.,ADR-0009; transition contract; whole-mapping human approval,delivered 41-file byte identity; explicit human semantic review,No repository write; remove only task-created extraction after preserving reports.,YES,MAP-PROMPTS-V10.1,READY_FOR_APPROVAL,H1_REPOSITORY_INTEGRATION
AZPR-autonomous-execution-primed-draft-v10.1.zip,repository-overlay/automation/numbered/004-select-and-govern-the-production-application-stack.md,21ea0aa1ede17ffcaa3e25a79564fd08cd9f3d61d129f1a8c46f50ff76fbad61,REPOSITORY_PROMPT,automation/numbered/004-select-and-govern-the-production-application-stack.md,automation/numbered/004-select-and-govern-the-production-application-stack.md,REPLACE,NONE,Use the project-owner-selected v10.1 implementation-overlay prompt as the sole canonical donor.,ADR-0009; transition contract; whole-mapping human approval,delivered 41-file byte identity; explicit human semantic review,No repository write; remove only task-created extraction after preserving reports.,YES,MAP-PROMPTS-V10.1,READY_FOR_APPROVAL,H1_REPOSITORY_INTEGRATION
AZPR-autonomous-execution-primed-draft-v10.1.zip,repository-overlay/automation/numbered/005-bootstrap-the-production-application-shell-and-engineering-baseline.md,29a60ccb3b6b8418f154a981e0ef7695cacf154147250f0883d32a2c06cc273a,REPOSITORY_PROMPT,automation/numbered/005-bootstrap-the-production-application-shell-and-engineering-baseline.md,automation/numbered/005-bootstrap-the-production-application-shell-and-engineering-baseline.md,REPLACE,NONE,Use the project-owner-selected v10.1 implementation-overlay prompt as the sole canonical donor.,ADR-0009; transition contract; whole-mapping human approval,delivered 41-file byte identity; explicit human semantic review,No repository write; remove only task-created extraction after preserving reports.,YES,MAP-PROMPTS-V10.1,READY_FOR_APPROVAL,H1_REPOSITORY_INTEGRATION
AZPR-autonomous-execution-primed-draft-v10.1.zip,repository-overlay/automation/numbered/006-mvp-scope-and-architecture-decision-audit.md,b42f75dc3204bd7f514eeea59aa5b0422e52552de817b821e289510d19039e70,REPOSITORY_PROMPT,automation/numbered/006-mvp-scope-and-architecture-decision-audit.md,automation/numbered/006-mvp-scope-and-architecture-decision-audit.md,REPLACE,NONE,Use the project-owner-selected v10.1 implementation-overlay prompt as the sole canonical donor.,ADR-0009; transition contract; whole-mapping human approval,delivered 41-file byte identity; explicit human semantic review,No repository write; remove only task-created extraction after preserving reports.,YES,MAP-PROMPTS-V10.1,READY_FOR_APPROVAL,H1_REPOSITORY_INTEGRATION
AZPR-autonomous-execution-primed-draft-v10.1.zip,repository-overlay/automation/numbered/007-design-and-implement-the-durable-database-schema-and-migrations.md,d0fb70cab887c986560e3ca6aedd44574eb69a0b912666b03f6262133487ac0a,REPOSITORY_PROMPT,automation/numbered/007-design-and-implement-the-durable-database-schema-and-migrations.md,automation/numbered/007-design-and-implement-the-durable-database-schema-and-migrations.md,REPLACE,NONE,Use the project-owner-selected v10.1 implementation-overlay prompt as the sole canonical donor.,ADR-0009; transition contract; whole-mapping human approval,delivered 41-file byte identity; explicit human semantic review,No repository write; remove only task-created extraction after preserving reports.,YES,MAP-PROMPTS-V10.1,READY_FOR_APPROVAL,H1_REPOSITORY_INTEGRATION
AZPR-autonomous-execution-primed-draft-v10.1.zip,repository-overlay/automation/numbered/008-implement-durable-repositories-and-transaction-boundaries.md,047cb07632e03b33ec9593d8c866681590655a5dcb1d8f164fc99d161bfc3a00,REPOSITORY_PROMPT,automation/numbered/008-implement-durable-repositories-and-transaction-boundaries.md,automation/numbered/008-implement-durable-repositories-and-transaction-boundaries.md,REPLACE,NONE,Use the project-owner-selected v10.1 implementation-overlay prompt as the sole canonical donor.,ADR-0009; transition contract; whole-mapping human approval,delivered 41-file byte identity; explicit human semantic review,No repository write; remove only task-created extraction after preserving reports.,YES,MAP-PROMPTS-V10.1,READY_FOR_APPROVAL,H1_REPOSITORY_INTEGRATION
AZPR-autonomous-execution-primed-draft-v10.1.zip,repository-overlay/automation/numbered/009-implement-immutable-artifact-storage-outbox-workers-and-crash-recovery.md,d0bd03555df577df1d0424db5c8ff882a6cb7b4b7ab926717dc9e64edb033275,REPOSITORY_PROMPT,automation/numbered/009-implement-immutable-artifact-storage-outbox-workers-and-crash-recovery.md,automation/numbered/009-implement-immutable-artifact-storage-outbox-workers-and-crash-recovery.md,REPLACE,NONE,Use the project-owner-selected v10.1 implementation-overlay prompt as the sole canonical donor.,ADR-0009; transition contract; whole-mapping human approval,delivered 41-file byte identity; explicit human semantic review,No repository write; remove only task-created extraction after preserving reports.,YES,MAP-PROMPTS-V10.1,READY_FOR_APPROVAL,H1_REPOSITORY_INTEGRATION
AZPR-autonomous-execution-primed-draft-v10.1.zip,repository-overlay/automation/numbered/010-durable-platform-and-persistence-audit.md,e8e8ca59eb9abf3c1c1271ebd312d56905550630e1d5df95bf23d6eceeecad52,REPOSITORY_PROMPT,automation/numbered/010-durable-platform-and-persistence-audit.md,automation/numbered/010-durable-platform-and-persistence-audit.md,REPLACE,NONE,Use the project-owner-selected v10.1 implementation-overlay prompt as the sole canonical donor.,ADR-0009; transition contract; whole-mapping human approval,delivered 41-file byte identity; explicit human semantic review,No repository write; remove only task-created extraction after preserving reports.,YES,MAP-PROMPTS-V10.1,READY_FOR_APPROVAL,H1_REPOSITORY_INTEGRATION
AZPR-autonomous-execution-primed-draft-v10.1.zip,repository-overlay/automation/numbered/011-implement-authentication-session-security-and-accesscontext-construction.md,95746a2b094178f6e17686e3c730430030ba00bcad73a8852d1bc7b46d01ec0e,REPOSITORY_PROMPT,automation/numbered/011-implement-authentication-session-security-and-accesscontext-construction.md,automation/numbered/011-implement-authentication-session-security-and-accesscontext-construction.md,REPLACE,NONE,Use the project-owner-selected v10.1 implementation-overlay prompt as the sole canonical donor.,ADR-0009; transition contract; whole-mapping human approval,delivered 41-file byte identity; explicit human semantic review,No repository write; remove only task-created extraction after preserving reports.,YES,MAP-PROMPTS-V10.1,READY_FOR_APPROVAL,H1_REPOSITORY_INTEGRATION
AZPR-autonomous-execution-primed-draft-v10.1.zip,repository-overlay/automation/numbered/012-implement-customer-account-lifecycle-versioned-configuration-and-onboarding-api.md,fee091816399e8ddf53cb5133940fd3ec94eb008daa2001ee11279323bbf9861,REPOSITORY_PROMPT,automation/numbered/012-implement-customer-account-lifecycle-versioned-configuration-and-onboarding-api.md,automation/numbered/012-implement-customer-account-lifecycle-versioned-configuration-and-onboarding-api.md,REPLACE,NONE,Use the project-owner-selected v10.1 implementation-overlay prompt as the sole canonical donor.,ADR-0009; transition contract; whole-mapping human approval,delivered 41-file byte identity; explicit human semantic review,No repository write; remove only task-created extraction after preserving reports.,YES,MAP-PROMPTS-V10.1,READY_FOR_APPROVAL,H1_REPOSITORY_INTEGRATION
AZPR-autonomous-execution-primed-draft-v10.1.zip,repository-overlay/automation/numbered/013-identity-authorization-and-customer-isolation-audit.md,b315c2b0b1a7751aa8d8bfc6927c24858f911f0c39cf1f0e0a6f0ba4184b08a8,REPOSITORY_PROMPT,automation/numbered/013-identity-authorization-and-customer-isolation-audit.md,automation/numbered/013-identity-authorization-and-customer-isolation-audit.md,REPLACE,NONE,Use the project-owner-selected v10.1 implementation-overlay prompt as the sole canonical donor.,ADR-0009; transition contract; whole-mapping human approval,delivered 41-file byte identity; explicit human semantic review,No repository write; remove only task-created extraction after preserving reports.,YES,MAP-PROMPTS-V10.1,READY_FOR_APPROVAL,H1_REPOSITORY_INTEGRATION
AZPR-autonomous-execution-primed-draft-v10.1.zip,repository-overlay/automation/numbered/014-select-and-approve-the-first-tucson-or-pima-county-production-source.md,db2c27a1b04a3708478696340bf3b5b0362997fbae116c2257ed9dea94a91e3a,REPOSITORY_PROMPT,automation/numbered/014-select-and-approve-the-first-tucson-or-pima-county-production-source.md,automation/numbered/014-select-and-approve-the-first-tucson-or-pima-county-production-source.md,REPLACE,NONE,Use the project-owner-selected v10.1 implementation-overlay prompt as the sole canonical donor.,ADR-0009; transition contract; whole-mapping human approval,delivered 41-file byte identity; explicit human semantic review,No repository write; remove only task-created extraction after preserving reports.,YES,MAP-PROMPTS-V10.1,READY_FOR_APPROVAL,H1_REPOSITORY_INTEGRATION
AZPR-autonomous-execution-primed-draft-v10.1.zip,repository-overlay/automation/numbered/015-implement-durable-scheduled-acquisition-and-the-approved-live-connector.md,31231446755b1a1b5ee9eb24c6ac444605b0690b7c3b76a5378801d245af7591,REPOSITORY_PROMPT,automation/numbered/015-implement-durable-scheduled-acquisition-and-the-approved-live-connector.md,automation/numbered/015-implement-durable-scheduled-acquisition-and-the-approved-live-connector.md,REPLACE,NONE,Use the project-owner-selected v10.1 implementation-overlay prompt as the sole canonical donor.,ADR-0009; transition contract; whole-mapping human approval,delivered 41-file byte identity; explicit human semantic review,No repository write; remove only task-created extraction after preserving reports.,YES,MAP-PROMPTS-V10.1,READY_FOR_APPROVAL,H1_REPOSITORY_INTEGRATION
AZPR-autonomous-execution-primed-draft-v10.1.zip,repository-overlay/automation/numbered/016-implement-the-production-source-parser-replay-and-backfill-contract.md,96853f0ea1d48048fd0da7dc0c4943f87d0916fd9984d49acc1e2425a77041c0,REPOSITORY_PROMPT,automation/numbered/016-implement-the-production-source-parser-replay-and-backfill-contract.md,automation/numbered/016-implement-the-production-source-parser-replay-and-backfill-contract.md,REPLACE,NONE,Use the project-owner-selected v10.1 implementation-overlay prompt as the sole canonical donor.,ADR-0009; transition contract; whole-mapping human approval,delivered 41-file byte identity; explicit human semantic review,No repository write; remove only task-created extraction after preserving reports.,YES,MAP-PROMPTS-V10.1,READY_FOR_APPROVAL,H1_REPOSITORY_INTEGRATION
AZPR-autonomous-execution-primed-draft-v10.1.zip,repository-overlay/automation/numbered/017-implement-required-production-geography-and-address-resolution.md,8dc3926808115feee315414e1bf74f9a4ec6b9f04884b622e8945e3498478ba1,REPOSITORY_PROMPT,automation/numbered/017-implement-required-production-geography-and-address-resolution.md,automation/numbered/017-implement-required-production-geography-and-address-resolution.md,REPLACE,NONE,Use the project-owner-selected v10.1 implementation-overlay prompt as the sole canonical donor.,ADR-0009; transition contract; whole-mapping human approval,delivered 41-file byte identity; explicit human semantic review,No repository write; remove only task-created extraction after preserving reports.,YES,MAP-PROMPTS-V10.1,READY_FOR_APPROVAL,H1_REPOSITORY_INTEGRATION
AZPR-autonomous-execution-primed-draft-v10.1.zip,repository-overlay/automation/numbered/018-pilot-source-ingestion-normalization-and-geography-audit.md,49536c41bf3186bfa4e70e7df1441e8efb59af8e4749ab8a6b8660c1fadaf635,REPOSITORY_PROMPT,automation/numbered/018-pilot-source-ingestion-normalization-and-geography-audit.md,automation/numbered/018-pilot-source-ingestion-normalization-and-geography-audit.md,REPLACE,NONE,Use the project-owner-selected v10.1 implementation-overlay prompt as the sole canonical donor.,ADR-0009; transition contract; whole-mapping human approval,delivered 41-file byte identity; explicit human semantic review,No repository write; remove only task-created extraction after preserving reports.,YES,MAP-PROMPTS-V10.1,READY_FOR_APPROVAL,H1_REPOSITORY_INTEGRATION
AZPR-autonomous-execution-primed-draft-v10.1.zip,repository-overlay/automation/numbered/019-implement-the-authorized-customer-api-and-query-projections.md,1b9db35ea9a2328baa6c6875ea66cae681690c5f896c74b4835298cb34ad2d7b,REPOSITORY_PROMPT,automation/numbered/019-implement-the-authorized-customer-api-and-query-projections.md,automation/numbered/019-implement-the-authorized-customer-api-and-query-projections.md,REPLACE,NONE,Use the project-owner-selected v10.1 implementation-overlay prompt as the sole canonical donor.,ADR-0009; transition contract; whole-mapping human approval,delivered 41-file byte identity; explicit human semantic review,No repository write; remove only task-created extraction after preserving reports.,YES,MAP-PROMPTS-V10.1,READY_FOR_APPROVAL,H1_REPOSITORY_INTEGRATION
AZPR-autonomous-execution-primed-draft-v10.1.zip,repository-overlay/automation/numbered/020-build-the-authenticated-frontend-foundation-and-onboarding-experience.md,cdf66abbc63740f7062194ae18baf9836553e4c6d9dd0be04f7249098a423ec8,REPOSITORY_PROMPT,automation/numbered/020-build-the-authenticated-frontend-foundation-and-onboarding-experience.md,automation/numbered/020-build-the-authenticated-frontend-foundation-and-onboarding-experience.md,REPLACE,NONE,Use the project-owner-selected v10.1 implementation-overlay prompt as the sole canonical donor.,ADR-0009; transition contract; whole-mapping human approval,delivered 41-file byte identity; explicit human semantic review,No repository write; remove only task-created extraction after preserving reports.,YES,MAP-PROMPTS-V10.1,READY_FOR_APPROVAL,H1_REPOSITORY_INTEGRATION
AZPR-autonomous-execution-primed-draft-v10.1.zip,repository-overlay/automation/numbered/021-build-the-explainable-opportunity-dashboard-and-lead-workflow.md,4a3695977355009f8383ecbc1b024363b9afeb8e6ef31c8caa3e3bd8f2152207,REPOSITORY_PROMPT,automation/numbered/021-build-the-explainable-opportunity-dashboard-and-lead-workflow.md,automation/numbered/021-build-the-explainable-opportunity-dashboard-and-lead-workflow.md,REPLACE,NONE,Use the project-owner-selected v10.1 implementation-overlay prompt as the sole canonical donor.,ADR-0009; transition contract; whole-mapping human approval,delivered 41-file byte identity; explicit human semantic review,No repository write; remove only task-created extraction after preserving reports.,YES,MAP-PROMPTS-V10.1,READY_FOR_APPROVAL,H1_REPOSITORY_INTEGRATION
AZPR-autonomous-execution-primed-draft-v10.1.zip,repository-overlay/automation/numbered/022-customer-api-frontend-and-data-exposure-audit.md,db4ddd373270ba67dc17737e35ed2c6d122a32ce4b87216320461fdc77dfa199,REPOSITORY_PROMPT,automation/numbered/022-customer-api-frontend-and-data-exposure-audit.md,automation/numbered/022-customer-api-frontend-and-data-exposure-audit.md,REPLACE,NONE,Use the project-owner-selected v10.1 implementation-overlay prompt as the sole canonical donor.,ADR-0009; transition contract; whole-mapping human approval,delivered 41-file byte identity; explicit human semantic review,No repository write; remove only task-created extraction after preserving reports.,YES,MAP-PROMPTS-V10.1,READY_FOR_APPROVAL,H1_REPOSITORY_INTEGRATION
AZPR-autonomous-execution-primed-draft-v10.1.zip,repository-overlay/automation/numbered/023-implement-email-notification-orchestration-and-delivery.md,4d91df0a5e20731a3c7d2b31b28b96f282c02d07e90ec6ff0de6ab219dc43bf5,REPOSITORY_PROMPT,automation/numbered/023-implement-email-notification-orchestration-and-delivery.md,automation/numbered/023-implement-email-notification-orchestration-and-delivery.md,REPLACE,NONE,Use the project-owner-selected v10.1 implementation-overlay prompt as the sole canonical donor.,ADR-0009; transition contract; whole-mapping human approval,delivered 41-file byte identity; explicit human semantic review,No repository write; remove only task-created extraction after preserving reports.,YES,MAP-PROMPTS-V10.1,READY_FOR_APPROVAL,H1_REPOSITORY_INTEGRATION
AZPR-autonomous-execution-primed-draft-v10.1.zip,repository-overlay/automation/numbered/024-email-delivery-audit.md,9d3cb8a6059dd6fc96b0c2ab6b2e93f4b37929b9f8d735174b50851b25d1e97f,REPOSITORY_PROMPT,automation/numbered/024-email-delivery-audit.md,automation/numbered/024-email-delivery-audit.md,REPLACE,NONE,Use the project-owner-selected v10.1 implementation-overlay prompt as the sole canonical donor.,ADR-0009; transition contract; whole-mapping human approval,delivered 41-file byte identity; explicit human semantic review,No repository write; remove only task-created extraction after preserving reports.,YES,MAP-PROMPTS-V10.1,READY_FOR_APPROVAL,H1_REPOSITORY_INTEGRATION
AZPR-autonomous-execution-primed-draft-v10.1.zip,repository-overlay/automation/numbered/025-implement-controlled-sms-infrastructure-behind-a-disabled-feature-flag.md,2a5d366104815c0eaa41710f7ebd52fb38b61df2da1bcdee62d95c6dd75fbce8,REPOSITORY_PROMPT,automation/numbered/025-implement-controlled-sms-infrastructure-behind-a-disabled-feature-flag.md,automation/numbered/025-implement-controlled-sms-infrastructure-behind-a-disabled-feature-flag.md,REPLACE,NONE,Use the project-owner-selected v10.1 implementation-overlay prompt as the sole canonical donor.,ADR-0009; transition contract; whole-mapping human approval,delivered 41-file byte identity; explicit human semantic review,No repository write; remove only task-created extraction after preserving reports.,YES,MAP-PROMPTS-V10.1,READY_FOR_APPROVAL,H1_REPOSITORY_INTEGRATION
AZPR-autonomous-execution-primed-draft-v10.1.zip,repository-overlay/automation/numbered/026-build-internal-review-and-source-operations-tooling.md,6a09e0dc3ead6a9581e6f317cc47b72de8a60bb2159a658cd8ce245668ff40cf,REPOSITORY_PROMPT,automation/numbered/026-build-internal-review-and-source-operations-tooling.md,automation/numbered/026-build-internal-review-and-source-operations-tooling.md,REPLACE,NONE,Use the project-owner-selected v10.1 implementation-overlay prompt as the sole canonical donor.,ADR-0009; transition contract; whole-mapping human approval,delivered 41-file byte identity; explicit human semantic review,No repository write; remove only task-created extraction after preserving reports.,YES,MAP-PROMPTS-V10.1,READY_FOR_APPROVAL,H1_REPOSITORY_INTEGRATION
AZPR-autonomous-execution-primed-draft-v10.1.zip,repository-overlay/automation/numbered/027-notification-sms-and-operations-audit.md,19c387d50bf020fedee7d5be7b000494391caefc4683678c536b00d36ecdf1ec,REPOSITORY_PROMPT,automation/numbered/027-notification-sms-and-operations-audit.md,automation/numbered/027-notification-sms-and-operations-audit.md,REPLACE,NONE,Use the project-owner-selected v10.1 implementation-overlay prompt as the sole canonical donor.,ADR-0009; transition contract; whole-mapping human approval,delivered 41-file byte identity; explicit human semantic review,No repository write; remove only task-created extraction after preserving reports.,YES,MAP-PROMPTS-V10.1,READY_FOR_APPROVAL,H1_REPOSITORY_INTEGRATION
AZPR-autonomous-execution-primed-draft-v10.1.zip,repository-overlay/automation/numbered/028-implement-the-privacy-conscious-analytics-event-model.md,895536ac620ed56be0ae0a0899641b17eb15fbc2e2c0888d2cf7968444e5e82e,REPOSITORY_PROMPT,automation/numbered/028-implement-the-privacy-conscious-analytics-event-model.md,automation/numbered/028-implement-the-privacy-conscious-analytics-event-model.md,REPLACE,NONE,Use the project-owner-selected v10.1 implementation-overlay prompt as the sole canonical donor.,ADR-0009; transition contract; whole-mapping human approval,delivered 41-file byte identity; explicit human semantic review,No repository write; remove only task-created extraction after preserving reports.,YES,MAP-PROMPTS-V10.1,READY_FOR_APPROVAL,H1_REPOSITORY_INTEGRATION
AZPR-autonomous-execution-primed-draft-v10.1.zip,repository-overlay/automation/numbered/029-implement-observability-health-alerting-and-operational-runbooks.md,8fde5fb2512dc57fadd5f3c43df0020871a6b6befeba3aa12580c31a9a70b8c3,REPOSITORY_PROMPT,automation/numbered/029-implement-observability-health-alerting-and-operational-runbooks.md,automation/numbered/029-implement-observability-health-alerting-and-operational-runbooks.md,REPLACE,NONE,Use the project-owner-selected v10.1 implementation-overlay prompt as the sole canonical donor.,ADR-0009; transition contract; whole-mapping human approval,delivered 41-file byte identity; explicit human semantic review,No repository write; remove only task-created extraction after preserving reports.,YES,MAP-PROMPTS-V10.1,READY_FOR_APPROVAL,H1_REPOSITORY_INTEGRATION
AZPR-autonomous-execution-primed-draft-v10.1.zip,repository-overlay/automation/numbered/030-implement-backup-restore-reconciliation-and-rollback-procedures.md,dd93323069eaa83a7e6a158c5b00b94b191071c373d7e05c53ea82797a66a663,REPOSITORY_PROMPT,automation/numbered/030-implement-backup-restore-reconciliation-and-rollback-procedures.md,automation/numbered/030-implement-backup-restore-reconciliation-and-rollback-procedures.md,REPLACE,NONE,Use the project-owner-selected v10.1 implementation-overlay prompt as the sole canonical donor.,ADR-0009; transition contract; whole-mapping human approval,delivered 41-file byte identity; explicit human semantic review,No repository write; remove only task-created extraction after preserving reports.,YES,MAP-PROMPTS-V10.1,READY_FOR_APPROVAL,H1_REPOSITORY_INTEGRATION
AZPR-autonomous-execution-primed-draft-v10.1.zip,repository-overlay/automation/numbered/031-security-privacy-performance-and-recovery-hardening-audit.md,28a3f062d174f3765ec7aba73d28db1210702822605cf088ec43a05dc044744a,REPOSITORY_PROMPT,automation/numbered/031-perform-security-privacy-performance-and-recovery-hardening.md,automation/numbered/031-security-privacy-performance-and-recovery-hardening-audit.md,ADD,NONE,Use the project-owner-selected v10.1 implementation-overlay prompt as the sole canonical donor.,ADR-0009; transition contract; whole-mapping human approval,delivered 41-file byte identity; explicit human semantic review,No repository write; remove only task-created extraction after preserving reports.,YES,MAP-PROMPTS-V10.1,READY_FOR_APPROVAL,H1_REPOSITORY_INTEGRATION
AZPR-autonomous-execution-primed-draft-v10.1.zip,repository-overlay/automation/numbered/032-formal-pilot-release-test-matrix-and-release-gate-audit.md,2f079609caf1b0ecb56dd77f76869f83d02ebe4d086e05e16d8acc98f95e10b1,REPOSITORY_PROMPT,automation/numbered/032-formal-pilot-release-test-matrix-and-release-gate-audit.md,automation/numbered/032-formal-pilot-release-test-matrix-and-release-gate-audit.md,REPLACE,NONE,Use the project-owner-selected v10.1 implementation-overlay prompt as the sole canonical donor.,ADR-0009; transition contract; whole-mapping human approval,delivered 41-file byte identity; explicit human semantic review,No repository write; remove only task-created extraction after preserving reports.,YES,MAP-PROMPTS-V10.1,READY_FOR_APPROVAL,H1_REPOSITORY_INTEGRATION
AZPR-autonomous-execution-primed-draft-v10.1.zip,repository-overlay/automation/numbered/033-prepare-controlled-staging-deployment-plan.md,92189befa61c3e59c9e68bd12c549211a5a061f0d5ac315027766ee4b5e4ada4,REPOSITORY_PROMPT,automation/numbered/033-prepare-and-execute-the-controlled-staging-deployment.md,automation/numbered/033-prepare-controlled-staging-deployment-plan.md,ADD,NONE,Use the project-owner-selected v10.1 implementation-overlay prompt as the sole canonical donor.,ADR-0009; transition contract; whole-mapping human approval,delivered 41-file byte identity; explicit human semantic review,No repository write; remove only task-created extraction after preserving reports.,YES,MAP-PROMPTS-V10.1,READY_FOR_APPROVAL,H1_REPOSITORY_INTEGRATION
AZPR-autonomous-execution-primed-draft-v10.1.zip,repository-overlay/automation/numbered/034-final-staging-and-pilot-readiness-audit.md,9ee1cbee4193a636d001eace9c40ecf8cc7a62e8c8e0b682ab4669175779224a,REPOSITORY_PROMPT,automation/numbered/034-final-staging-and-pilot-readiness-audit.md,automation/numbered/034-final-staging-and-pilot-readiness-audit.md,REPLACE,NONE,Use the project-owner-selected v10.1 implementation-overlay prompt as the sole canonical donor.,ADR-0009; transition contract; whole-mapping human approval,delivered 41-file byte identity; explicit human semantic review,No repository write; remove only task-created extraction after preserving reports.,YES,MAP-PROMPTS-V10.1,READY_FOR_APPROVAL,H1_REPOSITORY_INTEGRATION
AZPR-autonomous-execution-primed-draft-v10.1.zip,repository-overlay/automation/numbered/035-prepare-controlled-production-pilot-release-plan.md,6f8e96e60181f88d9778f866bd988d29b8251ee417269282745500e190ccc5f8,REPOSITORY_PROMPT,automation/numbered/035-deploy-the-controlled-production-pilot.md,automation/numbered/035-prepare-controlled-production-pilot-release-plan.md,ADD,NONE,Use the project-owner-selected v10.1 implementation-overlay prompt as the sole canonical donor.,ADR-0009; transition contract; whole-mapping human approval,delivered 41-file byte identity; explicit human semantic review,No repository write; remove only task-created extraction after preserving reports.,YES,MAP-PROMPTS-V10.1,READY_FOR_APPROVAL,H1_REPOSITORY_INTEGRATION
AZPR-autonomous-execution-primed-draft-v10.1.zip,repository-overlay/automation/numbered/036-production-pilot-launch-verification-audit.md,f2303ef12a52c27b18ee90ba6400c7c96f6c0dc0a5d8201e85e3d00732c6ef50,REPOSITORY_PROMPT,automation/numbered/036-production-pilot-launch-verification-audit.md,automation/numbered/036-production-pilot-launch-verification-audit.md,REPLACE,NONE,Use the project-owner-selected v10.1 implementation-overlay prompt as the sole canonical donor.,ADR-0009; transition contract; whole-mapping human approval,delivered 41-file byte identity; explicit human semantic review,No repository write; remove only task-created extraction after preserving reports.,YES,MAP-PROMPTS-V10.1,READY_FOR_APPROVAL,H1_REPOSITORY_INTEGRATION
AZPR-autonomous-execution-primed-draft-v10.1.zip,repository-overlay/automation/numbered/037-implement-pilot-feedback-and-business-validation-workflow.md,e8959d40f023d37b568afb93792119314f62221e07424b4d3707adcafbc851e8,REPOSITORY_PROMPT,automation/numbered/037-implement-pilot-feedback-and-business-validation-workflow.md,automation/numbered/037-implement-pilot-feedback-and-business-validation-workflow.md,REPLACE,NONE,Use the project-owner-selected v10.1 implementation-overlay prompt as the sole canonical donor.,ADR-0009; transition contract; whole-mapping human approval,delivered 41-file byte identity; explicit human semantic review,No repository write; remove only task-created extraction after preserving reports.,YES,MAP-PROMPTS-V10.1,READY_FOR_APPROVAL,H1_REPOSITORY_INTEGRATION
AZPR-autonomous-execution-primed-draft-v10.1.zip,repository-overlay/automation/numbered/038-pilot-feedback-and-business-validation-audit.md,d8c416f7bd450f7827a3f1e88322ff3f62d640ab7e82bda90ee3d3739e96767d,REPOSITORY_PROMPT,automation/numbered/038-pilot-feedback-and-business-validation-audit.md,automation/numbered/038-pilot-feedback-and-business-validation-audit.md,REPLACE,NONE,Use the project-owner-selected v10.1 implementation-overlay prompt as the sole canonical donor.,ADR-0009; transition contract; whole-mapping human approval,delivered 41-file byte identity; explicit human semantic review,No repository write; remove only task-created extraction after preserving reports.,YES,MAP-PROMPTS-V10.1,READY_FOR_APPROVAL,H1_REPOSITORY_INTEGRATION
AZPR-autonomous-execution-primed-draft-v10.1.zip,repository-overlay/automation/policy/README.md,a8295190b348ff0a0f2647bdc369908ebe018cecc8d254f6f71bfa5b7fb10c35,REPOSITORY_DOCUMENTATION,docs/automation/autonomous-execution-policy.md,automation/policy/README.md,ADD,NONE,Candidate fail-closed policy-directory notice only; active-policy semantics conflict with current documentation.,human definition of active policy; no canonical policy artifact; whole-mapping human approval,confirm only README exists and no active policy authority is added,Remove only automation/policy/README.md if its approved mapping is reversed.,YES,MAP-PASSIVE-REPOSITORY-OVERLAY,READY_FOR_APPROVAL,H1_REPOSITORY_INTEGRATION
AZPR-autonomous-execution-primed-draft-v10.1.zip,repository-overlay/automation/schemas/adapter-installation-manifest.schema.json,becb203f325528e3d2a08012fdbb399d344575910054bfc189a5cb15159798c5,REPOSITORY_SCHEMA,,automation/schemas/adapter-installation-manifest.schema.json,ADD,NONE,Candidate nested schema path; add only after controller architecture and references are approved.,approved controller ownership/layout; schema reference validation; whole-mapping human approval,JSON parse; Draft 2020-12 validation when jsonschema is available,Remove only the exact added nested schema after confirming no approved consumer.,YES,MAP-PASSIVE-REPOSITORY-OVERLAY,READY_FOR_APPROVAL,H1_REPOSITORY_INTEGRATION
AZPR-autonomous-execution-primed-draft-v10.1.zip,repository-overlay/automation/schemas/adapter-request.schema.json,16748ea14bd215bd9fcaf25aaad8d13ad43f07d5385cd78802ec6e0a355095e1,REPOSITORY_SCHEMA,,automation/schemas/adapter-request.schema.json,ADD,NONE,Candidate nested schema path; add only after controller architecture and references are approved.,approved controller ownership/layout; schema reference validation; whole-mapping human approval,JSON parse; Draft 2020-12 validation when jsonschema is available,Remove only the exact added nested schema after confirming no approved consumer.,YES,MAP-PASSIVE-REPOSITORY-OVERLAY,READY_FOR_APPROVAL,H1_REPOSITORY_INTEGRATION
AZPR-autonomous-execution-primed-draft-v10.1.zip,repository-overlay/automation/schemas/adapter-response.schema.json,693de422dd1d29c078e703021fd1f90aa2a9ce6456633d0ead503122896811a5,REPOSITORY_SCHEMA,,automation/schemas/adapter-response.schema.json,ADD,NONE,Candidate nested schema path; add only after controller architecture and references are approved.,approved controller ownership/layout; schema reference validation; whole-mapping human approval,JSON parse; Draft 2020-12 validation when jsonschema is available,Remove only the exact added nested schema after confirming no approved consumer.,YES,MAP-PASSIVE-REPOSITORY-OVERLAY,READY_FOR_APPROVAL,H1_REPOSITORY_INTEGRATION
AZPR-autonomous-execution-primed-draft-v10.1.zip,repository-overlay/automation/schemas/agent-execution-profile.schema.json,980a7406e4e4eba340e59484f7b5a1c1c93cc46fa7d4eba222435674a8c312f4,REPOSITORY_SCHEMA,,automation/schemas/agent-execution-profile.schema.json,ADD,NONE,Candidate nested schema path; add only after controller architecture and references are approved.,approved controller ownership/layout; schema reference validation; whole-mapping human approval,JSON parse; Draft 2020-12 validation when jsonschema is available,Remove only the exact added nested schema after confirming no approved consumer.,YES,MAP-PASSIVE-REPOSITORY-OVERLAY,READY_FOR_APPROVAL,H1_REPOSITORY_INTEGRATION
AZPR-autonomous-execution-primed-draft-v10.1.zip,repository-overlay/automation/schemas/appendix-a-authorization.schema.json,4c288a5c1821bbb83cf95637a0e2f187775c76c3698ac57b7a8fc6264da64f4a,REPOSITORY_SCHEMA,,automation/schemas/appendix-a-authorization.schema.json,ADD,NONE,Candidate nested schema path; add only after controller architecture and references are approved.,approved controller ownership/layout; schema reference validation; whole-mapping human approval,JSON parse; Draft 2020-12 validation when jsonschema is available,Remove only the exact added nested schema after confirming no approved consumer.,YES,MAP-PASSIVE-REPOSITORY-OVERLAY,READY_FOR_APPROVAL,H1_REPOSITORY_INTEGRATION
AZPR-autonomous-execution-primed-draft-v10.1.zip,repository-overlay/automation/schemas/approval.schema.json,ba1abf78d40efa7dc1d989b2e6bf25d17cae8e3e5a9263a3c30edabdb22f63d2,REPOSITORY_SCHEMA,,automation/schemas/approval.schema.json,ADD,NONE,Candidate nested schema path; add only after controller architecture and references are approved.,approved controller ownership/layout; schema reference validation; whole-mapping human approval,JSON parse; Draft 2020-12 validation when jsonschema is available,Remove only the exact added nested schema after confirming no approved consumer.,YES,MAP-PASSIVE-REPOSITORY-OVERLAY,READY_FOR_APPROVAL,H1_REPOSITORY_INTEGRATION
AZPR-autonomous-execution-primed-draft-v10.1.zip,repository-overlay/automation/schemas/approved-probe-keyring-v10.schema.json,68385cd11eee9a78163f6d48acbf5c08da9ad40e07e7a8cb28bf2b1cfed75eb6,REPOSITORY_SCHEMA,,automation/schemas/approved-probe-keyring-v10.schema.json,ADD,NONE,Candidate nested schema path; add only after controller architecture and references are approved.,approved controller ownership/layout; schema reference validation; whole-mapping human approval,JSON parse; Draft 2020-12 validation when jsonschema is available,Remove only the exact added nested schema after confirming no approved consumer.,YES,MAP-PASSIVE-REPOSITORY-OVERLAY,READY_FOR_APPROVAL,H1_REPOSITORY_INTEGRATION
AZPR-autonomous-execution-primed-draft-v10.1.zip,repository-overlay/automation/schemas/build-provenance.schema.json,b1e53bc99f52ec73a311937f319bf727741c26223ccfe6c1f2bc959552133303,REPOSITORY_SCHEMA,,automation/schemas/build-provenance.schema.json,ADD,NONE,Candidate nested schema path; add only after controller architecture and references are approved.,approved controller ownership/layout; schema reference validation; whole-mapping human approval,JSON parse; Draft 2020-12 validation when jsonschema is available,Remove only the exact added nested schema after confirming no approved consumer.,YES,MAP-PASSIVE-REPOSITORY-OVERLAY,READY_FOR_APPROVAL,H1_REPOSITORY_INTEGRATION
AZPR-autonomous-execution-primed-draft-v10.1.zip,repository-overlay/automation/schemas/bundle-attestation.schema.json,56bc894ae85df8f6fed6bb05fce9097dc0fef71505518d14a8199d5ac631f232,REPOSITORY_SCHEMA,,automation/schemas/bundle-attestation.schema.json,ADD,NONE,Candidate nested schema path; add only after controller architecture and references are approved.,approved controller ownership/layout; schema reference validation; whole-mapping human approval,JSON parse; Draft 2020-12 validation when jsonschema is available,Remove only the exact added nested schema after confirming no approved consumer.,YES,MAP-PASSIVE-REPOSITORY-OVERLAY,READY_FOR_APPROVAL,H1_REPOSITORY_INTEGRATION
AZPR-autonomous-execution-primed-draft-v10.1.zip,repository-overlay/automation/schemas/canonical-policy-record.schema.json,ba572d3b35b10e3885a22777241d21755c0fdd81ae4a86c693d968bed5a5708e,REPOSITORY_SCHEMA,,automation/schemas/canonical-policy-record.schema.json,ADD,NONE,Candidate nested schema path; add only after controller architecture and references are approved.,approved controller ownership/layout; schema reference validation; whole-mapping human approval,JSON parse; Draft 2020-12 validation when jsonschema is available,Remove only the exact added nested schema after confirming no approved consumer.,YES,MAP-PASSIVE-REPOSITORY-OVERLAY,READY_FOR_APPROVAL,H1_REPOSITORY_INTEGRATION
AZPR-autonomous-execution-primed-draft-v10.1.zip,repository-overlay/automation/schemas/canonical-policy-section-map.schema.json,d2ab491f4dd8907fd0b9003432762b0177875ae33ba36d7d0a918a94629d7f93,REPOSITORY_SCHEMA,,automation/schemas/canonical-policy-section-map.schema.json,ADD,NONE,Candidate nested schema path; add only after controller architecture and references are approved.,approved controller ownership/layout; schema reference validation; whole-mapping human approval,JSON parse; Draft 2020-12 validation when jsonschema is available,Remove only the exact added nested schema after confirming no approved consumer.,YES,MAP-PASSIVE-REPOSITORY-OVERLAY,READY_FOR_APPROVAL,H1_REPOSITORY_INTEGRATION
AZPR-autonomous-execution-primed-draft-v10.1.zip,repository-overlay/automation/schemas/canonical-policy-source-manifest.schema.json,b7cbe292cd97827dc1f74fa4a3eb9ea703e91df1198bd697c2e0f1170462e584,REPOSITORY_SCHEMA,,automation/schemas/canonical-policy-source-manifest.schema.json,ADD,NONE,Candidate nested schema path; add only after controller architecture and references are approved.,approved controller ownership/layout; schema reference validation; whole-mapping human approval,JSON parse; Draft 2020-12 validation when jsonschema is available,Remove only the exact added nested schema after confirming no approved consumer.,YES,MAP-PASSIVE-REPOSITORY-OVERLAY,READY_FOR_APPROVAL,H1_REPOSITORY_INTEGRATION
AZPR-autonomous-execution-primed-draft-v10.1.zip,repository-overlay/automation/schemas/capability-manifest.schema.json,5a8ff097fa71985527af12751a1de74ed57bd8f18c54b82bab078a1c6ab4295d,REPOSITORY_SCHEMA,,automation/schemas/capability-manifest.schema.json,ADD,NONE,Candidate nested schema path; add only after controller architecture and references are approved.,approved controller ownership/layout; schema reference validation; whole-mapping human approval,JSON parse; Draft 2020-12 validation when jsonschema is available,Remove only the exact added nested schema after confirming no approved consumer.,YES,MAP-PASSIVE-REPOSITORY-OVERLAY,READY_FOR_APPROVAL,H1_REPOSITORY_INTEGRATION
AZPR-autonomous-execution-primed-draft-v10.1.zip,repository-overlay/automation/schemas/cleanroom-qualification-input.schema.json,40d416b9ef0e53176922ea9abf5b37a6b4b5efef09b1be1e05feb5b974802f25,REPOSITORY_SCHEMA,,automation/schemas/cleanroom-qualification-input.schema.json,ADD,NONE,Candidate nested schema path; add only after controller architecture and references are approved.,approved controller ownership/layout; schema reference validation; whole-mapping human approval,JSON parse; Draft 2020-12 validation when jsonschema is available,Remove only the exact added nested schema after confirming no approved consumer.,YES,MAP-PASSIVE-REPOSITORY-OVERLAY,READY_FOR_APPROVAL,H1_REPOSITORY_INTEGRATION
AZPR-autonomous-execution-primed-draft-v10.1.zip,repository-overlay/automation/schemas/cleanroom-qualification-receipt-v10.schema.json,7e8d1254ce0a63efc95ccff9ec65e28d053f0ef43d9229e6c655ae0e3d344734,REPOSITORY_SCHEMA,,automation/schemas/cleanroom-qualification-receipt-v10.schema.json,ADD,NONE,Candidate nested schema path; add only after controller architecture and references are approved.,approved controller ownership/layout; schema reference validation; whole-mapping human approval,JSON parse; Draft 2020-12 validation when jsonschema is available,Remove only the exact added nested schema after confirming no approved consumer.,YES,MAP-PASSIVE-REPOSITORY-OVERLAY,READY_FOR_APPROVAL,H1_REPOSITORY_INTEGRATION
AZPR-autonomous-execution-primed-draft-v10.1.zip,repository-overlay/automation/schemas/cleanroom-qualification-receipt-v9.schema.json,fb74d162d2e6bc52eb4d80458df895a58120d938f067a2b8139857bcc5d1cdd2,REPOSITORY_SCHEMA,,automation/schemas/cleanroom-qualification-receipt-v9.schema.json,ADD,NONE,Candidate nested schema path; add only after controller architecture and references are approved.,approved controller ownership/layout; schema reference validation; whole-mapping human approval,JSON parse; Draft 2020-12 validation when jsonschema is available,Remove only the exact added nested schema after confirming no approved consumer.,YES,MAP-PASSIVE-REPOSITORY-OVERLAY,READY_FOR_APPROVAL,H1_REPOSITORY_INTEGRATION
AZPR-autonomous-execution-primed-draft-v10.1.zip,repository-overlay/automation/schemas/cleanroom-qualification-receipt.schema.json,2cf825e042d1f104465f9fd5f9301cd51926b246ff82ac902894b2472df05c46,REPOSITORY_SCHEMA,,automation/schemas/cleanroom-qualification-receipt.schema.json,ADD,NONE,Candidate nested schema path; add only after controller architecture and references are approved.,approved controller ownership/layout; schema reference validation; whole-mapping human approval,JSON parse; Draft 2020-12 validation when jsonschema is available,Remove only the exact added nested schema after confirming no approved consumer.,YES,MAP-PASSIVE-REPOSITORY-OVERLAY,READY_FOR_APPROVAL,H1_REPOSITORY_INTEGRATION
AZPR-autonomous-execution-primed-draft-v10.1.zip,repository-overlay/automation/schemas/dependency-mirror-attestation.schema.json,df1d18f5689bcc7ee3ed72e31a8c120b9b8d7325d3e157cbf8f796c1a6aaa4a8,REPOSITORY_SCHEMA,,automation/schemas/dependency-mirror-attestation.schema.json,ADD,NONE,Candidate nested schema path; add only after controller architecture and references are approved.,approved controller ownership/layout; schema reference validation; whole-mapping human approval,JSON parse; Draft 2020-12 validation when jsonschema is available,Remove only the exact added nested schema after confirming no approved consumer.,YES,MAP-PASSIVE-REPOSITORY-OVERLAY,READY_FOR_APPROVAL,H1_REPOSITORY_INTEGRATION
AZPR-autonomous-execution-primed-draft-v10.1.zip,repository-overlay/automation/schemas/dependency-mirror-inventory.schema.json,97dbc25d26f228e4487e6d11adca0c1102057acb3fa9fc734f250db02fcaf190,REPOSITORY_SCHEMA,,automation/schemas/dependency-mirror-inventory.schema.json,ADD,NONE,Candidate nested schema path; add only after controller architecture and references are approved.,approved controller ownership/layout; schema reference validation; whole-mapping human approval,JSON parse; Draft 2020-12 validation when jsonschema is available,Remove only the exact added nested schema after confirming no approved consumer.,YES,MAP-PASSIVE-REPOSITORY-OVERLAY,READY_FOR_APPROVAL,H1_REPOSITORY_INTEGRATION
AZPR-autonomous-execution-primed-draft-v10.1.zip,repository-overlay/automation/schemas/deployment-plan.schema.json,08728c09a50ea8d27327926e382c6551949d52387875220b15e84b8a3eb30174,REPOSITORY_SCHEMA,,automation/schemas/deployment-plan.schema.json,ADD,NONE,Candidate nested schema path; add only after controller architecture and references are approved.,approved controller ownership/layout; schema reference validation; whole-mapping human approval,JSON parse; Draft 2020-12 validation when jsonschema is available,Remove only the exact added nested schema after confirming no approved consumer.,YES,MAP-PASSIVE-REPOSITORY-OVERLAY,READY_FOR_APPROVAL,H1_REPOSITORY_INTEGRATION
AZPR-autonomous-execution-primed-draft-v10.1.zip,repository-overlay/automation/schemas/evidence.schema.json,a5a57d0aa127893b8bae11213882997f46c6eb83cf23b771f263191a2920e3d3,REPOSITORY_SCHEMA,,automation/schemas/evidence.schema.json,ADD,NONE,Candidate nested schema path; add only after controller architecture and references are approved.,approved controller ownership/layout; schema reference validation; whole-mapping human approval,JSON parse; Draft 2020-12 validation when jsonschema is available,Remove only the exact added nested schema after confirming no approved consumer.,YES,MAP-PASSIVE-REPOSITORY-OVERLAY,READY_FOR_APPROVAL,H1_REPOSITORY_INTEGRATION
AZPR-autonomous-execution-primed-draft-v10.1.zip,repository-overlay/automation/schemas/external-receipt-signer-identity-v10.schema.json,9445c999a807acc6118f331be767578859f75a4384038ad4c35497b83e7c5262,REPOSITORY_SCHEMA,,automation/schemas/external-receipt-signer-identity-v10.schema.json,ADD,NONE,Candidate nested schema path; add only after controller architecture and references are approved.,approved controller ownership/layout; schema reference validation; whole-mapping human approval,JSON parse; Draft 2020-12 validation when jsonschema is available,Remove only the exact added nested schema after confirming no approved consumer.,YES,MAP-PASSIVE-REPOSITORY-OVERLAY,READY_FOR_APPROVAL,H1_REPOSITORY_INTEGRATION
AZPR-autonomous-execution-primed-draft-v10.1.zip,repository-overlay/automation/schemas/external-receipt-signing-request-v10.schema.json,b37d7d7c13d7c6f45641a9c0d198da4328041b8f78dbaa4756a281d0765fff1b,REPOSITORY_SCHEMA,,automation/schemas/external-receipt-signing-request-v10.schema.json,ADD,NONE,Candidate nested schema path; add only after controller architecture and references are approved.,approved controller ownership/layout; schema reference validation; whole-mapping human approval,JSON parse; Draft 2020-12 validation when jsonschema is available,Remove only the exact added nested schema after confirming no approved consumer.,YES,MAP-PASSIVE-REPOSITORY-OVERLAY,READY_FOR_APPROVAL,H1_REPOSITORY_INTEGRATION
AZPR-autonomous-execution-primed-draft-v10.1.zip,repository-overlay/automation/schemas/external-receipt-signing-request-v9.schema.json,696e65092dea6428a45b4795f4869369357206eb71aac9bd1cc52ec2a2942de8,REPOSITORY_SCHEMA,,automation/schemas/external-receipt-signing-request-v9.schema.json,ADD,NONE,Candidate nested schema path; add only after controller architecture and references are approved.,approved controller ownership/layout; schema reference validation; whole-mapping human approval,JSON parse; Draft 2020-12 validation when jsonschema is available,Remove only the exact added nested schema after confirming no approved consumer.,YES,MAP-PASSIVE-REPOSITORY-OVERLAY,READY_FOR_APPROVAL,H1_REPOSITORY_INTEGRATION
AZPR-autonomous-execution-primed-draft-v10.1.zip,repository-overlay/automation/schemas/external-receipt-signing-response-v10.schema.json,75ab7fcdd8b6410fa7d18ea8329a393b6ca1d17d659bc9231d31b225ea8c4123,REPOSITORY_SCHEMA,,automation/schemas/external-receipt-signing-response-v10.schema.json,ADD,NONE,Candidate nested schema path; add only after controller architecture and references are approved.,approved controller ownership/layout; schema reference validation; whole-mapping human approval,JSON parse; Draft 2020-12 validation when jsonschema is available,Remove only the exact added nested schema after confirming no approved consumer.,YES,MAP-PASSIVE-REPOSITORY-OVERLAY,READY_FOR_APPROVAL,H1_REPOSITORY_INTEGRATION
AZPR-autonomous-execution-primed-draft-v10.1.zip,repository-overlay/automation/schemas/external-receipt-signing-response-v9.schema.json,0fc4f60a2433bf3b36e22e6935a5247f6312ed696690489f0440b60ebe3a78c6,REPOSITORY_SCHEMA,,automation/schemas/external-receipt-signing-response-v9.schema.json,ADD,NONE,Candidate nested schema path; add only after controller architecture and references are approved.,approved controller ownership/layout; schema reference validation; whole-mapping human approval,JSON parse; Draft 2020-12 validation when jsonschema is available,Remove only the exact added nested schema after confirming no approved consumer.,YES,MAP-PASSIVE-REPOSITORY-OVERLAY,READY_FOR_APPROVAL,H1_REPOSITORY_INTEGRATION
AZPR-autonomous-execution-primed-draft-v10.1.zip,repository-overlay/automation/schemas/external-runner-config.schema.json,f5a714dac7c009dce0c5937fcade0639d8f0f2fe5ad70220fdc9be80de118423,REPOSITORY_SCHEMA,,automation/schemas/external-runner-config.schema.json,ADD,NONE,Candidate nested schema path; add only after controller architecture and references are approved.,approved controller ownership/layout; schema reference validation; whole-mapping human approval,JSON parse; Draft 2020-12 validation when jsonschema is available,Remove only the exact added nested schema after confirming no approved consumer.,YES,MAP-PASSIVE-REPOSITORY-OVERLAY,READY_FOR_APPROVAL,H1_REPOSITORY_INTEGRATION
AZPR-autonomous-execution-primed-draft-v10.1.zip,repository-overlay/automation/schemas/external-runner-installation.schema.json,724d4e38a0a4c9ca8cb61e2ac367c8655c9e0aba35f887ad5f61b21bb4b6abe9,REPOSITORY_SCHEMA,,automation/schemas/external-runner-installation.schema.json,ADD,NONE,Candidate nested schema path; add only after controller architecture and references are approved.,approved controller ownership/layout; schema reference validation; whole-mapping human approval,JSON parse; Draft 2020-12 validation when jsonschema is available,Remove only the exact added nested schema after confirming no approved consumer.,YES,MAP-PASSIVE-REPOSITORY-OVERLAY,READY_FOR_APPROVAL,H1_REPOSITORY_INTEGRATION
AZPR-autonomous-execution-primed-draft-v10.1.zip,repository-overlay/automation/schemas/handoff-quota-profile.schema.json,5ddd6ae16cc233abab4d1f6af30e8f44303f4fd2b334e3416c505d65df98f356,REPOSITORY_SCHEMA,,automation/schemas/handoff-quota-profile.schema.json,ADD,NONE,Candidate nested schema path; add only after controller architecture and references are approved.,approved controller ownership/layout; schema reference validation; whole-mapping human approval,JSON parse; Draft 2020-12 validation when jsonschema is available,Remove only the exact added nested schema after confirming no approved consumer.,YES,MAP-PASSIVE-REPOSITORY-OVERLAY,READY_FOR_APPROVAL,H1_REPOSITORY_INTEGRATION
AZPR-autonomous-execution-primed-draft-v10.1.zip,repository-overlay/automation/schemas/host-bootstrap-roots-v10.schema.json,c3e99bc6f005b71b84502f751395e962cdc159761c66af6ce0b7ab5b943e701a,REPOSITORY_SCHEMA,,automation/schemas/host-bootstrap-roots-v10.schema.json,ADD,NONE,Candidate nested schema path; add only after controller architecture and references are approved.,approved controller ownership/layout; schema reference validation; whole-mapping human approval,JSON parse; Draft 2020-12 validation when jsonschema is available,Remove only the exact added nested schema after confirming no approved consumer.,YES,MAP-PASSIVE-REPOSITORY-OVERLAY,READY_FOR_APPROVAL,H1_REPOSITORY_INTEGRATION
AZPR-autonomous-execution-primed-draft-v10.1.zip,repository-overlay/automation/schemas/host-bootstrap-roots-v9.schema.json,d628da4e393722bc31024abad4b20a68d8cfc0d8a5046e8ec7cd8abecf7601ce,REPOSITORY_SCHEMA,,automation/schemas/host-bootstrap-roots-v9.schema.json,ADD,NONE,Candidate nested schema path; add only after controller architecture and references are approved.,approved controller ownership/layout; schema reference validation; whole-mapping human approval,JSON parse; Draft 2020-12 validation when jsonschema is available,Remove only the exact added nested schema after confirming no approved consumer.,YES,MAP-PASSIVE-REPOSITORY-OVERLAY,READY_FOR_APPROVAL,H1_REPOSITORY_INTEGRATION
AZPR-autonomous-execution-primed-draft-v10.1.zip,repository-overlay/automation/schemas/host-qualification-roots-v10.schema.json,700bf9d0753bb182a009c3c320596888587e85695e777444b11f46f2fa5515f4,REPOSITORY_SCHEMA,,automation/schemas/host-qualification-roots-v10.schema.json,ADD,NONE,Candidate nested schema path; add only after controller architecture and references are approved.,approved controller ownership/layout; schema reference validation; whole-mapping human approval,JSON parse; Draft 2020-12 validation when jsonschema is available,Remove only the exact added nested schema after confirming no approved consumer.,YES,MAP-PASSIVE-REPOSITORY-OVERLAY,READY_FOR_APPROVAL,H1_REPOSITORY_INTEGRATION
AZPR-autonomous-execution-primed-draft-v10.1.zip,repository-overlay/automation/schemas/host-root-anchor-identity-v10.schema.json,2e5bb831cee62684bd02f45f1a0a15359d8d4d445d3847b3a8a3da68e528a03a,REPOSITORY_SCHEMA,,automation/schemas/host-root-anchor-identity-v10.schema.json,ADD,NONE,Candidate nested schema path; add only after controller architecture and references are approved.,approved controller ownership/layout; schema reference validation; whole-mapping human approval,JSON parse; Draft 2020-12 validation when jsonschema is available,Remove only the exact added nested schema after confirming no approved consumer.,YES,MAP-PASSIVE-REPOSITORY-OVERLAY,READY_FOR_APPROVAL,H1_REPOSITORY_INTEGRATION
AZPR-autonomous-execution-primed-draft-v10.1.zip,repository-overlay/automation/schemas/installation-receipt.schema.json,01df68592871f821a3a88103642cb6ecd466a5a7bf379ce18f3178b00690fd0a,REPOSITORY_SCHEMA,,automation/schemas/installation-receipt.schema.json,ADD,NONE,Candidate nested schema path; add only after controller architecture and references are approved.,approved controller ownership/layout; schema reference validation; whole-mapping human approval,JSON parse; Draft 2020-12 validation when jsonschema is available,Remove only the exact added nested schema after confirming no approved consumer.,YES,MAP-PASSIVE-REPOSITORY-OVERLAY,READY_FOR_APPROVAL,H1_REPOSITORY_INTEGRATION
AZPR-autonomous-execution-primed-draft-v10.1.zip,repository-overlay/automation/schemas/journal-record.schema.json,a1c86b8adf603cb6f835696c1acbf2d80bc20ce5130a04dd1816f2915b099c54,REPOSITORY_SCHEMA,,automation/schemas/journal-record.schema.json,ADD,NONE,Candidate nested schema path; add only after controller architecture and references are approved.,approved controller ownership/layout; schema reference validation; whole-mapping human approval,JSON parse; Draft 2020-12 validation when jsonschema is available,Remove only the exact added nested schema after confirming no approved consumer.,YES,MAP-PASSIVE-REPOSITORY-OVERLAY,READY_FOR_APPROVAL,H1_REPOSITORY_INTEGRATION
AZPR-autonomous-execution-primed-draft-v10.1.zip,repository-overlay/automation/schemas/key-lifecycle-state.schema.json,4048c2875fcf2f6a0fe66bc44bf21eee7deea7a6063460488d0cf154d9fd2d6d,REPOSITORY_SCHEMA,,automation/schemas/key-lifecycle-state.schema.json,ADD,NONE,Candidate nested schema path; add only after controller architecture and references are approved.,approved controller ownership/layout; schema reference validation; whole-mapping human approval,JSON parse; Draft 2020-12 validation when jsonschema is available,Remove only the exact added nested schema after confirming no approved consumer.,YES,MAP-PASSIVE-REPOSITORY-OVERLAY,READY_FOR_APPROVAL,H1_REPOSITORY_INTEGRATION
AZPR-autonomous-execution-primed-draft-v10.1.zip,repository-overlay/automation/schemas/key-lifecycle-transition-v9.schema.json,d566e90aad5ff999e826b3296fb65797e0617802ee935168b7a0fa601ed47935,REPOSITORY_SCHEMA,,automation/schemas/key-lifecycle-transition-v9.schema.json,ADD,NONE,Candidate nested schema path; add only after controller architecture and references are approved.,approved controller ownership/layout; schema reference validation; whole-mapping human approval,JSON parse; Draft 2020-12 validation when jsonschema is available,Remove only the exact added nested schema after confirming no approved consumer.,YES,MAP-PASSIVE-REPOSITORY-OVERLAY,READY_FOR_APPROVAL,H1_REPOSITORY_INTEGRATION
AZPR-autonomous-execution-primed-draft-v10.1.zip,repository-overlay/automation/schemas/key-lifecycle-transition.schema.json,4c56a832887d11f226c3babe94875a68d1fb4fd0844a85d7eb5fe8192a56728d,REPOSITORY_SCHEMA,,automation/schemas/key-lifecycle-transition.schema.json,ADD,NONE,Candidate nested schema path; add only after controller architecture and references are approved.,approved controller ownership/layout; schema reference validation; whole-mapping human approval,JSON parse; Draft 2020-12 validation when jsonschema is available,Remove only the exact added nested schema after confirming no approved consumer.,YES,MAP-PASSIVE-REPOSITORY-OVERLAY,READY_FOR_APPROVAL,H1_REPOSITORY_INTEGRATION
AZPR-autonomous-execution-primed-draft-v10.1.zip,repository-overlay/automation/schemas/operation-registration.schema.json,29469ba592342c1cf654c852a39703bf9d3e6dd232a300eecd298f48a6aff086,REPOSITORY_SCHEMA,,automation/schemas/operation-registration.schema.json,ADD,NONE,Candidate nested schema path; add only after controller architecture and references are approved.,approved controller ownership/layout; schema reference validation; whole-mapping human approval,JSON parse; Draft 2020-12 validation when jsonschema is available,Remove only the exact added nested schema after confirming no approved consumer.,YES,MAP-PASSIVE-REPOSITORY-OVERLAY,READY_FOR_APPROVAL,H1_REPOSITORY_INTEGRATION
AZPR-autonomous-execution-primed-draft-v10.1.zip,repository-overlay/automation/schemas/probe-attestor-keyring-v10.schema.json,168266d6345ae50d1c9f9edb2bacb481273c1e364d9dbb943e9391a5f0350f6c,REPOSITORY_SCHEMA,,automation/schemas/probe-attestor-keyring-v10.schema.json,ADD,NONE,Candidate nested schema path; add only after controller architecture and references are approved.,approved controller ownership/layout; schema reference validation; whole-mapping human approval,JSON parse; Draft 2020-12 validation when jsonschema is available,Remove only the exact added nested schema after confirming no approved consumer.,YES,MAP-PASSIVE-REPOSITORY-OVERLAY,READY_FOR_APPROVAL,H1_REPOSITORY_INTEGRATION
AZPR-autonomous-execution-primed-draft-v10.1.zip,repository-overlay/automation/schemas/probe-attestor-revocation-state-v10.schema.json,ef8d2535dcfaeb6a1cd061b694b7833ca0d4357f288e71156973d4ef0b258c3b,REPOSITORY_SCHEMA,,automation/schemas/probe-attestor-revocation-state-v10.schema.json,ADD,NONE,Candidate nested schema path; add only after controller architecture and references are approved.,approved controller ownership/layout; schema reference validation; whole-mapping human approval,JSON parse; Draft 2020-12 validation when jsonschema is available,Remove only the exact added nested schema after confirming no approved consumer.,YES,MAP-PASSIVE-REPOSITORY-OVERLAY,READY_FOR_APPROVAL,H1_REPOSITORY_INTEGRATION
AZPR-autonomous-execution-primed-draft-v10.1.zip,repository-overlay/automation/schemas/probe-policy-v10.schema.json,a8584b259537802e5321a482d7cbedc71bcf3f349fd366a2e3ad521774fa6e18,REPOSITORY_SCHEMA,,automation/schemas/probe-policy-v10.schema.json,ADD,NONE,Candidate nested schema path; add only after controller architecture and references are approved.,approved controller ownership/layout; schema reference validation; whole-mapping human approval,JSON parse; Draft 2020-12 validation when jsonschema is available,Remove only the exact added nested schema after confirming no approved consumer.,YES,MAP-PASSIVE-REPOSITORY-OVERLAY,READY_FOR_APPROVAL,H1_REPOSITORY_INTEGRATION
AZPR-autonomous-execution-primed-draft-v10.1.zip,repository-overlay/automation/schemas/probe-revocation-state-v10.schema.json,a6d989afccce32fe8a0d4ea99fe5a3c558b953707caa037a4564b39a30e40ff5,REPOSITORY_SCHEMA,,automation/schemas/probe-revocation-state-v10.schema.json,ADD,NONE,Candidate nested schema path; add only after controller architecture and references are approved.,approved controller ownership/layout; schema reference validation; whole-mapping human approval,JSON parse; Draft 2020-12 validation when jsonschema is available,Remove only the exact added nested schema after confirming no approved consumer.,YES,MAP-PASSIVE-REPOSITORY-OVERLAY,READY_FOR_APPROVAL,H1_REPOSITORY_INTEGRATION
AZPR-autonomous-execution-primed-draft-v10.1.zip,repository-overlay/automation/schemas/probe-service-attestation-v10.schema.json,1787691cadeb6d53f54e56e53e56a094d579c8f449e7356b73e4409e439f9125,REPOSITORY_SCHEMA,,automation/schemas/probe-service-attestation-v10.schema.json,ADD,NONE,Candidate nested schema path; add only after controller architecture and references are approved.,approved controller ownership/layout; schema reference validation; whole-mapping human approval,JSON parse; Draft 2020-12 validation when jsonschema is available,Remove only the exact added nested schema after confirming no approved consumer.,YES,MAP-PASSIVE-REPOSITORY-OVERLAY,READY_FOR_APPROVAL,H1_REPOSITORY_INTEGRATION
AZPR-autonomous-execution-primed-draft-v10.1.zip,repository-overlay/automation/schemas/probe-service-identity-v10.schema.json,4273a973ddce681e5638e79604352e7ef1b6abfc9934f13694459a06a180d9df,REPOSITORY_SCHEMA,,automation/schemas/probe-service-identity-v10.schema.json,ADD,NONE,Candidate nested schema path; add only after controller architecture and references are approved.,approved controller ownership/layout; schema reference validation; whole-mapping human approval,JSON parse; Draft 2020-12 validation when jsonschema is available,Remove only the exact added nested schema after confirming no approved consumer.,YES,MAP-PASSIVE-REPOSITORY-OVERLAY,READY_FOR_APPROVAL,H1_REPOSITORY_INTEGRATION
AZPR-autonomous-execution-primed-draft-v10.1.zip,repository-overlay/automation/schemas/public-keyring.schema.json,f8cc71ae5621cb39410aa130abe76fb362cc54140f7364e1c492d8d70107144d,REPOSITORY_SCHEMA,,automation/schemas/public-keyring.schema.json,ADD,NONE,Candidate nested schema path; add only after controller architecture and references are approved.,approved controller ownership/layout; schema reference validation; whole-mapping human approval,JSON parse; Draft 2020-12 validation when jsonschema is available,Remove only the exact added nested schema after confirming no approved consumer.,YES,MAP-PASSIVE-REPOSITORY-OVERLAY,READY_FOR_APPROVAL,H1_REPOSITORY_INTEGRATION
AZPR-autonomous-execution-primed-draft-v10.1.zip,repository-overlay/automation/schemas/python-runtime-manifest.schema.json,4172804a7ab10d52cd860e974eda2567dd01f31affaa2209da84b0800bbf897e,REPOSITORY_SCHEMA,,automation/schemas/python-runtime-manifest.schema.json,ADD,NONE,Candidate nested schema path; add only after controller architecture and references are approved.,approved controller ownership/layout; schema reference validation; whole-mapping human approval,JSON parse; Draft 2020-12 validation when jsonschema is available,Remove only the exact added nested schema after confirming no approved consumer.,YES,MAP-PASSIVE-REPOSITORY-OVERLAY,READY_FOR_APPROVAL,H1_REPOSITORY_INTEGRATION
AZPR-autonomous-execution-primed-draft-v10.1.zip,repository-overlay/automation/schemas/qualification-authorization-consumption.schema.json,f122b6fc58f01d6af50090bcb8da5b00155114925175ef63fa0b885fbe0e6d4f,REPOSITORY_SCHEMA,,automation/schemas/qualification-authorization-consumption.schema.json,ADD,NONE,Candidate nested schema path; add only after controller architecture and references are approved.,approved controller ownership/layout; schema reference validation; whole-mapping human approval,JSON parse; Draft 2020-12 validation when jsonschema is available,Remove only the exact added nested schema after confirming no approved consumer.,YES,MAP-PASSIVE-REPOSITORY-OVERLAY,READY_FOR_APPROVAL,H1_REPOSITORY_INTEGRATION
AZPR-autonomous-execution-primed-draft-v10.1.zip,repository-overlay/automation/schemas/qualification-evidence-report.schema.json,096c796c0fe5bb5f3a194c0849f627e7a695d0a59571911276101aabf4c82193,REPOSITORY_SCHEMA,,automation/schemas/qualification-evidence-report.schema.json,ADD,NONE,Candidate nested schema path; add only after controller architecture and references are approved.,approved controller ownership/layout; schema reference validation; whole-mapping human approval,JSON parse; Draft 2020-12 validation when jsonschema is available,Remove only the exact added nested schema after confirming no approved consumer.,YES,MAP-PASSIVE-REPOSITORY-OVERLAY,READY_FOR_APPROVAL,H1_REPOSITORY_INTEGRATION
AZPR-autonomous-execution-primed-draft-v10.1.zip,repository-overlay/automation/schemas/qualification-installation-authorization-v10.schema.json,c998eebe631f1b88307ff1866a598c94c0db7e4dcab84e63664dd842acabcfed,REPOSITORY_SCHEMA,,automation/schemas/qualification-installation-authorization-v10.schema.json,ADD,NONE,Candidate nested schema path; add only after controller architecture and references are approved.,approved controller ownership/layout; schema reference validation; whole-mapping human approval,JSON parse; Draft 2020-12 validation when jsonschema is available,Remove only the exact added nested schema after confirming no approved consumer.,YES,MAP-PASSIVE-REPOSITORY-OVERLAY,READY_FOR_APPROVAL,H1_REPOSITORY_INTEGRATION
AZPR-autonomous-execution-primed-draft-v10.1.zip,repository-overlay/automation/schemas/qualification-installation-authorization-v9.schema.json,ef8e3a47f98865aa8bce144ae8eeb3f0f01eecd9e0a9713acf7a5a2fae4852dc,REPOSITORY_SCHEMA,,automation/schemas/qualification-installation-authorization-v9.schema.json,ADD,NONE,Candidate nested schema path; add only after controller architecture and references are approved.,approved controller ownership/layout; schema reference validation; whole-mapping human approval,JSON parse; Draft 2020-12 validation when jsonschema is available,Remove only the exact added nested schema after confirming no approved consumer.,YES,MAP-PASSIVE-REPOSITORY-OVERLAY,READY_FOR_APPROVAL,H1_REPOSITORY_INTEGRATION
AZPR-autonomous-execution-primed-draft-v10.1.zip,repository-overlay/automation/schemas/qualification-installation-authorization.schema.json,9da0ed80a37608b062a5200a0dca13340b7a329c780494606ab82573d5f79ab7,REPOSITORY_SCHEMA,,automation/schemas/qualification-installation-authorization.schema.json,ADD,NONE,Candidate nested schema path; add only after controller architecture and references are approved.,approved controller ownership/layout; schema reference validation; whole-mapping human approval,JSON parse; Draft 2020-12 validation when jsonschema is available,Remove only the exact added nested schema after confirming no approved consumer.,YES,MAP-PASSIVE-REPOSITORY-OVERLAY,READY_FOR_APPROVAL,H1_REPOSITORY_INTEGRATION
AZPR-autonomous-execution-primed-draft-v10.1.zip,repository-overlay/automation/schemas/qualification-phase-transition-authorization-v10.schema.json,0e7c0c19b907c1c4ef9ee177faf43565525a89f383161949bf567d1c906d0d95,REPOSITORY_SCHEMA,,automation/schemas/qualification-phase-transition-authorization-v10.schema.json,ADD,NONE,Candidate nested schema path; add only after controller architecture and references are approved.,approved controller ownership/layout; schema reference validation; whole-mapping human approval,JSON parse; Draft 2020-12 validation when jsonschema is available,Remove only the exact added nested schema after confirming no approved consumer.,YES,MAP-PASSIVE-REPOSITORY-OVERLAY,READY_FOR_APPROVAL,H1_REPOSITORY_INTEGRATION
AZPR-autonomous-execution-primed-draft-v10.1.zip,repository-overlay/automation/schemas/qualification-phase-transition-authorization-v9.schema.json,4489aef4cd8ddcd3cc91948330e2e81153a66ad4cb91c72889825d6f521a37e1,REPOSITORY_SCHEMA,,automation/schemas/qualification-phase-transition-authorization-v9.schema.json,ADD,NONE,Candidate nested schema path; add only after controller architecture and references are approved.,approved controller ownership/layout; schema reference validation; whole-mapping human approval,JSON parse; Draft 2020-12 validation when jsonschema is available,Remove only the exact added nested schema after confirming no approved consumer.,YES,MAP-PASSIVE-REPOSITORY-OVERLAY,READY_FOR_APPROVAL,H1_REPOSITORY_INTEGRATION
AZPR-autonomous-execution-primed-draft-v10.1.zip,repository-overlay/automation/schemas/qualification-probe-envelopes-manifest-v10.schema.json,f61795cd4b716077505e001ec22e76c7e88d1d78e1f9eb22f4177ab27adc8794,REPOSITORY_SCHEMA,,automation/schemas/qualification-probe-envelopes-manifest-v10.schema.json,ADD,NONE,Candidate nested schema path; add only after controller architecture and references are approved.,approved controller ownership/layout; schema reference validation; whole-mapping human approval,JSON parse; Draft 2020-12 validation when jsonschema is available,Remove only the exact added nested schema after confirming no approved consumer.,YES,MAP-PASSIVE-REPOSITORY-OVERLAY,READY_FOR_APPROVAL,H1_REPOSITORY_INTEGRATION
AZPR-autonomous-execution-primed-draft-v10.1.zip,repository-overlay/automation/schemas/qualification-probe-envelopes-manifest-v9.schema.json,862813807f00d358c28c927d49b48c10a2e289d92230e3efb737a8ac6e4d291f,REPOSITORY_SCHEMA,,automation/schemas/qualification-probe-envelopes-manifest-v9.schema.json,ADD,NONE,Candidate nested schema path; add only after controller architecture and references are approved.,approved controller ownership/layout; schema reference validation; whole-mapping human approval,JSON parse; Draft 2020-12 validation when jsonschema is available,Remove only the exact added nested schema after confirming no approved consumer.,YES,MAP-PASSIVE-REPOSITORY-OVERLAY,READY_FOR_APPROVAL,H1_REPOSITORY_INTEGRATION
AZPR-autonomous-execution-primed-draft-v10.1.zip,repository-overlay/automation/schemas/qualification-probe-result-envelope-v10.schema.json,29a2958f152fd943d3a0301811fce7cbb13619e461a3a5091ff7f7d5d799dec7,REPOSITORY_SCHEMA,,automation/schemas/qualification-probe-result-envelope-v10.schema.json,ADD,NONE,Candidate nested schema path; add only after controller architecture and references are approved.,approved controller ownership/layout; schema reference validation; whole-mapping human approval,JSON parse; Draft 2020-12 validation when jsonschema is available,Remove only the exact added nested schema after confirming no approved consumer.,YES,MAP-PASSIVE-REPOSITORY-OVERLAY,READY_FOR_APPROVAL,H1_REPOSITORY_INTEGRATION
AZPR-autonomous-execution-primed-draft-v10.1.zip,repository-overlay/automation/schemas/qualification-probe-result-envelope-v9.schema.json,ae56b618b7c475d6d11ccf97dbd51fe7d374e2acd800f48d9146c839dcdde783,REPOSITORY_SCHEMA,,automation/schemas/qualification-probe-result-envelope-v9.schema.json,ADD,NONE,Candidate nested schema path; add only after controller architecture and references are approved.,approved controller ownership/layout; schema reference validation; whole-mapping human approval,JSON parse; Draft 2020-12 validation when jsonschema is available,Remove only the exact added nested schema after confirming no approved consumer.,YES,MAP-PASSIVE-REPOSITORY-OVERLAY,READY_FOR_APPROVAL,H1_REPOSITORY_INTEGRATION
AZPR-autonomous-execution-primed-draft-v10.1.zip,repository-overlay/automation/schemas/qualification-raw-evidence-v9.schema.json,a68b2497023561a000698f72ba65b0aa1112a93a429a7e138bb07d2a93d1f12d,REPOSITORY_SCHEMA,,automation/schemas/qualification-raw-evidence-v9.schema.json,ADD,NONE,Candidate nested schema path; add only after controller architecture and references are approved.,approved controller ownership/layout; schema reference validation; whole-mapping human approval,JSON parse; Draft 2020-12 validation when jsonschema is available,Remove only the exact added nested schema after confirming no approved consumer.,YES,MAP-PASSIVE-REPOSITORY-OVERLAY,READY_FOR_APPROVAL,H1_REPOSITORY_INTEGRATION
AZPR-autonomous-execution-primed-draft-v10.1.zip,repository-overlay/automation/schemas/qualification-revocation-list.schema.json,91ceea4f39998155447d40baa39e79c918d1dcbb07c61455f74b32ff7bd5cb1e,REPOSITORY_SCHEMA,,automation/schemas/qualification-revocation-list.schema.json,ADD,NONE,Candidate nested schema path; add only after controller architecture and references are approved.,approved controller ownership/layout; schema reference validation; whole-mapping human approval,JSON parse; Draft 2020-12 validation when jsonschema is available,Remove only the exact added nested schema after confirming no approved consumer.,YES,MAP-PASSIVE-REPOSITORY-OVERLAY,READY_FOR_APPROVAL,H1_REPOSITORY_INTEGRATION
AZPR-autonomous-execution-primed-draft-v10.1.zip,repository-overlay/automation/schemas/qualification-trust-manifest-v10.schema.json,a00e07fcce8ddfba57bdc8e0564c465689d833a5c8bdb60f9a3903addcbae14c,REPOSITORY_SCHEMA,,automation/schemas/qualification-trust-manifest-v10.schema.json,ADD,NONE,Candidate nested schema path; add only after controller architecture and references are approved.,approved controller ownership/layout; schema reference validation; whole-mapping human approval,JSON parse; Draft 2020-12 validation when jsonschema is available,Remove only the exact added nested schema after confirming no approved consumer.,YES,MAP-PASSIVE-REPOSITORY-OVERLAY,READY_FOR_APPROVAL,H1_REPOSITORY_INTEGRATION
AZPR-autonomous-execution-primed-draft-v10.1.zip,repository-overlay/automation/schemas/qualified-artifact-inputs-v10.schema.json,d44d30499f3abca0bd6adc36392693e72483d96cdec15d3a2702393d48628de7,REPOSITORY_SCHEMA,,automation/schemas/qualified-artifact-inputs-v10.schema.json,ADD,NONE,Candidate nested schema path; add only after controller architecture and references are approved.,approved controller ownership/layout; schema reference validation; whole-mapping human approval,JSON parse; Draft 2020-12 validation when jsonschema is available,Remove only the exact added nested schema after confirming no approved consumer.,YES,MAP-PASSIVE-REPOSITORY-OVERLAY,READY_FOR_APPROVAL,H1_REPOSITORY_INTEGRATION
AZPR-autonomous-execution-primed-draft-v10.1.zip,repository-overlay/automation/schemas/qualified-artifact-inputs-v9.schema.json,f822c8d738efd3cc02851bc30b36baf19e7eb149954fe08783566946bcfcb82e,REPOSITORY_SCHEMA,,automation/schemas/qualified-artifact-inputs-v9.schema.json,ADD,NONE,Candidate nested schema path; add only after controller architecture and references are approved.,approved controller ownership/layout; schema reference validation; whole-mapping human approval,JSON parse; Draft 2020-12 validation when jsonschema is available,Remove only the exact added nested schema after confirming no approved consumer.,YES,MAP-PASSIVE-REPOSITORY-OVERLAY,READY_FOR_APPROVAL,H1_REPOSITORY_INTEGRATION
AZPR-autonomous-execution-primed-draft-v10.1.zip,repository-overlay/automation/schemas/result.schema.json,3c4d4c37c601fae900fc2487242021fbc8b00bdfc362bf648a2f01f372bb134c,REPOSITORY_SCHEMA,automation/result.schema.json,automation/schemas/result.schema.json,ADD,NONE,Candidate nested schema path; add only after controller architecture and references are approved.,approved controller ownership/layout; schema reference validation; whole-mapping human approval,JSON parse; Draft 2020-12 validation when jsonschema is available,Remove only the exact added nested schema after confirming no approved consumer.,YES,MAP-PASSIVE-REPOSITORY-OVERLAY,READY_FOR_APPROVAL,H1_REPOSITORY_INTEGRATION
AZPR-autonomous-execution-primed-draft-v10.1.zip,repository-overlay/automation/schemas/roadmap-regeneration-authorization.schema.json,2d4df21761ee5a7fbd88ab544cb32d051a2b76c6e7180704fbad3f5242c6c3b1,REPOSITORY_SCHEMA,,automation/schemas/roadmap-regeneration-authorization.schema.json,ADD,NONE,Candidate nested schema path; add only after controller architecture and references are approved.,approved controller ownership/layout; schema reference validation; whole-mapping human approval,JSON parse; Draft 2020-12 validation when jsonschema is available,Remove only the exact added nested schema after confirming no approved consumer.,YES,MAP-PASSIVE-REPOSITORY-OVERLAY,READY_FOR_APPROVAL,H1_REPOSITORY_INTEGRATION
AZPR-autonomous-execution-primed-draft-v10.1.zip,repository-overlay/automation/schemas/roadmap.schema.json,1553d19dd85f6ecad2c48bed73382c7eea1b53afc799d08732ad0f15750d4b84,REPOSITORY_SCHEMA,automation/roadmap.schema.json,automation/schemas/roadmap.schema.json,ADD,NONE,Candidate nested schema path; add only after controller architecture and references are approved.,approved controller ownership/layout; schema reference validation; whole-mapping human approval,JSON parse; Draft 2020-12 validation when jsonschema is available,Remove only the exact added nested schema after confirming no approved consumer.,YES,MAP-PASSIVE-REPOSITORY-OVERLAY,READY_FOR_APPROVAL,H1_REPOSITORY_INTEGRATION
AZPR-autonomous-execution-primed-draft-v10.1.zip,repository-overlay/automation/schemas/run-manifest.schema.json,2daee0c175620a9691a47a05d0c1470b4ebbc9ec3667cd02334abdf9ca6a4c4a,REPOSITORY_SCHEMA,,automation/schemas/run-manifest.schema.json,ADD,NONE,Candidate nested schema path; add only after controller architecture and references are approved.,approved controller ownership/layout; schema reference validation; whole-mapping human approval,JSON parse; Draft 2020-12 validation when jsonschema is available,Remove only the exact added nested schema after confirming no approved consumer.,YES,MAP-PASSIVE-REPOSITORY-OVERLAY,READY_FOR_APPROVAL,H1_REPOSITORY_INTEGRATION
AZPR-autonomous-execution-primed-draft-v10.1.zip,repository-overlay/automation/schemas/supply-chain-identity.schema.json,a10aa9bef5f824f8f93fc45d3efbeb0b68686998fa5d0dea448557827a36dd36,REPOSITORY_SCHEMA,,automation/schemas/supply-chain-identity.schema.json,ADD,NONE,Candidate nested schema path; add only after controller architecture and references are approved.,approved controller ownership/layout; schema reference validation; whole-mapping human approval,JSON parse; Draft 2020-12 validation when jsonschema is available,Remove only the exact added nested schema after confirming no approved consumer.,YES,MAP-PASSIVE-REPOSITORY-OVERLAY,READY_FOR_APPROVAL,H1_REPOSITORY_INTEGRATION
AZPR-autonomous-execution-primed-draft-v10.1.zip,repository-overlay/automation/schemas/target-attestation.schema.json,881df94f958246777014f8bb0c7ee61467d73dc7537e31cbcba6f28889a1c2ac,REPOSITORY_SCHEMA,,automation/schemas/target-attestation.schema.json,ADD,NONE,Candidate nested schema path; add only after controller architecture and references are approved.,approved controller ownership/layout; schema reference validation; whole-mapping human approval,JSON parse; Draft 2020-12 validation when jsonschema is available,Remove only the exact added nested schema after confirming no approved consumer.,YES,MAP-PASSIVE-REPOSITORY-OVERLAY,READY_FOR_APPROVAL,H1_REPOSITORY_INTEGRATION
AZPR-autonomous-execution-primed-draft-v10.1.zip,repository-overlay/automation/schemas/trust-store-epoch-v9.schema.json,bf326a431c61907e4e595a497af5a8af6ebf79225ad87b9383df343685a66cf7,REPOSITORY_SCHEMA,,automation/schemas/trust-store-epoch-v9.schema.json,ADD,NONE,Candidate nested schema path; add only after controller architecture and references are approved.,approved controller ownership/layout; schema reference validation; whole-mapping human approval,JSON parse; Draft 2020-12 validation when jsonschema is available,Remove only the exact added nested schema after confirming no approved consumer.,YES,MAP-PASSIVE-REPOSITORY-OVERLAY,READY_FOR_APPROVAL,H1_REPOSITORY_INTEGRATION
AZPR-autonomous-execution-primed-draft-v10.1.zip,repository-overlay/automation/schemas/trusted-installation.schema.json,e1c39fa44cd5f8e24b77c5b738aebb080d3c9237c77782375f8889cf5779bda3,REPOSITORY_SCHEMA,,automation/schemas/trusted-installation.schema.json,ADD,NONE,Candidate nested schema path; add only after controller architecture and references are approved.,approved controller ownership/layout; schema reference validation; whole-mapping human approval,JSON parse; Draft 2020-12 validation when jsonschema is available,Remove only the exact added nested schema after confirming no approved consumer.,YES,MAP-PASSIVE-REPOSITORY-OVERLAY,READY_FOR_APPROVAL,H1_REPOSITORY_INTEGRATION
AZPR-autonomous-execution-primed-draft-v10.1.zip,repository-overlay/automation/schemas/validation-image-attestation.schema.json,5ab579e0f6c88f694f61c67231adccbb9908847c69bd57be48a34231a257b67b,REPOSITORY_SCHEMA,,automation/schemas/validation-image-attestation.schema.json,ADD,NONE,Candidate nested schema path; add only after controller architecture and references are approved.,approved controller ownership/layout; schema reference validation; whole-mapping human approval,JSON parse; Draft 2020-12 validation when jsonschema is available,Remove only the exact added nested schema after confirming no approved consumer.,YES,MAP-PASSIVE-REPOSITORY-OVERLAY,READY_FOR_APPROVAL,H1_REPOSITORY_INTEGRATION
AZPR-autonomous-execution-primed-draft-v10.1.zip,repository-overlay/automation/schemas/validation-profile.schema.json,15aa19fbdbd7a02c86fabd0de14ace73df311e6c9ff6bd173d6236913a9fa6c1,REPOSITORY_SCHEMA,,automation/schemas/validation-profile.schema.json,ADD,NONE,Candidate nested schema path; add only after controller architecture and references are approved.,approved controller ownership/layout; schema reference validation; whole-mapping human approval,JSON parse; Draft 2020-12 validation when jsonschema is available,Remove only the exact added nested schema after confirming no approved consumer.,YES,MAP-PASSIVE-REPOSITORY-OVERLAY,READY_FOR_APPROVAL,H1_REPOSITORY_INTEGRATION
AZPR-autonomous-execution-primed-draft-v10.1.zip,repository-overlay/automation/validation-profiles/backend-core.json,7a11655e5b72f1cd8110e3e6b492c46836bc868233448739d6074c6abb73e881,RUNTIME_CONFIGURATION,,automation/validation-profiles/backend-core.json,ADD,NONE,Candidate configuration template; no live runtime state is included.,automation/schemas/validation-profile.schema.json; approved controller mapping; whole-mapping human approval,JSON parse and profile-schema validation,Remove only the exact added profile after confirming no approved consumer.,YES,MAP-PASSIVE-REPOSITORY-OVERLAY,READY_FOR_APPROVAL,H1_REPOSITORY_INTEGRATION
AZPR-autonomous-execution-primed-draft-v10.1.zip,repository-overlay/automation/validation-profiles/frontend.json,7e5ce320b63c0beb261cc6b11ffdca567e2c6440a923d1ae6be2127628709a68,RUNTIME_CONFIGURATION,,automation/validation-profiles/frontend.json,ADD,NONE,Candidate configuration template; no live runtime state is included.,automation/schemas/validation-profile.schema.json; approved controller mapping; whole-mapping human approval,JSON parse and profile-schema validation,Remove only the exact added profile after confirming no approved consumer.,YES,MAP-PASSIVE-REPOSITORY-OVERLAY,READY_FOR_APPROVAL,H1_REPOSITORY_INTEGRATION
AZPR-autonomous-execution-primed-draft-v10.1.zip,repository-overlay/automation/validation-profiles/infrastructure-plan.json,84ddb6f554df1768928e3de25f1a25f443bc308f9017cd0b2ea8cfc28f398ddd,RUNTIME_CONFIGURATION,,automation/validation-profiles/infrastructure-plan.json,ADD,NONE,Candidate configuration template; no live runtime state is included.,automation/schemas/validation-profile.schema.json; approved controller mapping; whole-mapping human approval,JSON parse and profile-schema validation,Remove only the exact added profile after confirming no approved consumer.,YES,MAP-PASSIVE-REPOSITORY-OVERLAY,READY_FOR_APPROVAL,H1_REPOSITORY_INTEGRATION
AZPR-autonomous-execution-primed-draft-v10.1.zip,repository-overlay/automation/validation-profiles/migration-persistence.json,1a6d066b2d7ef4bc70131ddb58ffbd73acb9eabb6ba38a30c19f9836ce26c310,RUNTIME_CONFIGURATION,,automation/validation-profiles/migration-persistence.json,ADD,NONE,Candidate configuration template; no live runtime state is included.,automation/schemas/validation-profile.schema.json; approved controller mapping; whole-mapping human approval,JSON parse and profile-schema validation,Remove only the exact added profile after confirming no approved consumer.,YES,MAP-PASSIVE-REPOSITORY-OVERLAY,READY_FOR_APPROVAL,H1_REPOSITORY_INTEGRATION
AZPR-autonomous-execution-primed-draft-v10.1.zip,repository-overlay/automation/validation-profiles/recovery.json,eb285dafba9655365a92adbf42224e11d4a380d55162153a405f6d53a28b9ba0,RUNTIME_CONFIGURATION,,automation/validation-profiles/recovery.json,ADD,NONE,Candidate configuration template; no live runtime state is included.,automation/schemas/validation-profile.schema.json; approved controller mapping; whole-mapping human approval,JSON parse and profile-schema validation,Remove only the exact added profile after confirming no approved consumer.,YES,MAP-PASSIVE-REPOSITORY-OVERLAY,READY_FOR_APPROVAL,H1_REPOSITORY_INTEGRATION
AZPR-autonomous-execution-primed-draft-v10.1.zip,repository-overlay/automation/validation-profiles/release-evidence.json,7522d7f72be72e32976da6f8ff22bdb4f8f5a635d79e65d56f02096351936dc6,RUNTIME_CONFIGURATION,,automation/validation-profiles/release-evidence.json,ADD,NONE,Candidate configuration template; no live runtime state is included.,automation/schemas/validation-profile.schema.json; approved controller mapping; whole-mapping human approval,JSON parse and profile-schema validation,Remove only the exact added profile after confirming no approved consumer.,YES,MAP-PASSIVE-REPOSITORY-OVERLAY,READY_FOR_APPROVAL,H1_REPOSITORY_INTEGRATION
AZPR-autonomous-execution-primed-draft-v10.1.zip,repository-overlay/automation/validation-profiles/security-privacy.json,d35958143c37a46f79c9e6b71704e1f68e947ee7b1054659673028170271515e,RUNTIME_CONFIGURATION,,automation/validation-profiles/security-privacy.json,ADD,NONE,Candidate configuration template; no live runtime state is included.,automation/schemas/validation-profile.schema.json; approved controller mapping; whole-mapping human approval,JSON parse and profile-schema validation,Remove only the exact added profile after confirming no approved consumer.,YES,MAP-PASSIVE-REPOSITORY-OVERLAY,READY_FOR_APPROVAL,H1_REPOSITORY_INTEGRATION
AZPR-autonomous-execution-primed-draft-v10.1.zip,requirements-security.in,bc0c67861ff28095395ad566dad1dc7173726f5f3436e8f76df6e7ad7a7878c1,RUNTIME_CONFIGURATION,,,DEFER,NONE,Dormant external candidate; no repository destination or execution authority until separate host qualification and cutover approval.,ADR-0009 H2/H3 gates; approved external trust boundary,source-only verification; never execute privileged/install paths in this task,No repository write; remove only task-created extraction after preserving reports.,NO,MAP-EXTERNAL-CONTROLLER,READY_FOR_APPROVAL,H2_EXTERNAL_QUALIFICATION
AZPR-autonomous-execution-primed-draft-v10.1.zip,tests/fixtures/root-owned-bundle-auth/attestation.json,7497ad5ce3b3085fa7213ba07669c0d1c85074360b425da647b3b3eaab29e55c,VERIFICATION_ONLY,,,DEFER,NONE,Use only from the isolated extraction for verification; do not add to the application repository without approval.,human-approved mapping if later integrated,SHA-256 and containing archive manifest,No repository write; remove only task-created extraction after preserving reports.,NO,BASELINE-DISPOSITION,NO_APPROVAL_REQUIRED,H0_PREPARATION
AZPR-autonomous-execution-primed-draft-v10.1.zip,tests/fixtures/root-owned-bundle-auth/release/SHA256SUMS.json,1e7f6683bed01a6a5c8102c876f616a912416fcf5c9d363e75f9be8292b99e95,VERIFICATION_ONLY,,,DEFER,NONE,Use only from the isolated extraction for verification; do not add to the application repository without approval.,human-approved mapping if later integrated,SHA-256 and containing archive manifest,No repository write; remove only task-created extraction after preserving reports.,NO,BASELINE-DISPOSITION,NO_APPROVAL_REQUIRED,H0_PREPARATION
AZPR-autonomous-execution-primed-draft-v10.1.zip,tests/fixtures/root-owned-bundle-auth/release/controller.py,4a327cbc4034e1143f9c681b69f339e2ab847b6307cae57fae1337a0d94bb030,VERIFICATION_ONLY,,,DEFER,NONE,Use only from the isolated extraction for verification; do not add to the application repository without approval.,human-approved mapping if later integrated,SHA-256 and containing archive manifest,No repository write; remove only task-created extraction after preserving reports.,NO,BASELINE-DISPOSITION,NO_APPROVAL_REQUIRED,H0_PREPARATION
AZPR-autonomous-execution-primed-draft-v10.1.zip,tests/fixtures/root-owned-bundle-auth/release-signing.pub.pem,d7bf22c31d291fe1646dfe4eab2cd81c472936a1b2c3a7c9c84d1ede27ac6f1a,VERIFICATION_ONLY,,,DEFER,NONE,Use only from the isolated extraction for verification; do not add to the application repository without approval.,human-approved mapping if later integrated,SHA-256 and containing archive manifest,No repository write; remove only task-created extraction after preserving reports.,NO,BASELINE-DISPOSITION,NO_APPROVAL_REQUIRED,H0_PREPARATION
AZPR-autonomous-execution-primed-draft-v10.1.zip,tests/security_fixtures.py,dc852d408cc80c4f3bb2e6d43067a45c4fc169949e2dd97f7c7fcba056e846d2,VERIFICATION_ONLY,,,DEFER,NONE,Use only from the isolated extraction for verification; do not add to the application repository without approval.,human-approved mapping if later integrated,SHA-256 and containing archive manifest,No repository write; remove only task-created extraction after preserving reports.,NO,BASELINE-DISPOSITION,NO_APPROVAL_REQUIRED,H0_PREPARATION
AZPR-autonomous-execution-primed-draft-v10.1.zip,tests/test_autonomous_priming_controls.py,6e7b81c366c2946cf3b30623c087372fb99902381b02c841fb62d17c414e1f60,VERIFICATION_ONLY,,,DEFER,NONE,Use only from the isolated extraction for verification; do not add to the application repository without approval.,human-approved mapping if later integrated,SHA-256 and containing archive manifest,No repository write; remove only task-created extraction after preserving reports.,NO,BASELINE-DISPOSITION,NO_APPROVAL_REQUIRED,H0_PREPARATION
AZPR-autonomous-execution-primed-draft-v10.1.zip,tests/test_final_assessment_controls.py,ce4e75ced4b2e8de2276194f27651d77c8a6008d959cba10461c6c678daf1614,VERIFICATION_ONLY,,,DEFER,NONE,Use only from the isolated extraction for verification; do not add to the application repository without approval.,human-approved mapping if later integrated,SHA-256 and containing archive manifest,No repository write; remove only task-created extraction after preserving reports.,NO,BASELINE-DISPOSITION,NO_APPROVAL_REQUIRED,H0_PREPARATION
AZPR-autonomous-execution-primed-draft-v10.1.zip,tests/test_finalized_composed_controls.py,f32d24223d16969eceb9f8b6343e778e31f017c0560fc958e2be1b2ac296d9db,VERIFICATION_ONLY,,,DEFER,NONE,Use only from the isolated extraction for verification; do not add to the application repository without approval.,human-approved mapping if later integrated,SHA-256 and containing archive manifest,No repository write; remove only task-created extraction after preserving reports.,NO,BASELINE-DISPOSITION,NO_APPROVAL_REQUIRED,H0_PREPARATION
AZPR-autonomous-execution-primed-draft-v10.1.zip,tests/test_refined_security.py,ef729bd9cc6b624385be1e52d07766e2fcf38c52dabd6498c50fcde5aecaae86,VERIFICATION_ONLY,,,DEFER,NONE,Use only from the isolated extraction for verification; do not add to the application repository without approval.,human-approved mapping if later integrated,SHA-256 and containing archive manifest,No repository write; remove only task-created extraction after preserving reports.,NO,BASELINE-DISPOSITION,NO_APPROVAL_REQUIRED,H0_PREPARATION
AZPR-autonomous-execution-primed-draft-v10.1.zip,tests/test_v10_security_closures.py,e5af2d045f708e0770af62d1947ba8b9893588a03754c3dbfe10b50602286eea,VERIFICATION_ONLY,,,DEFER,NONE,Use only from the isolated extraction for verification; do not add to the application repository without approval.,human-approved mapping if later integrated,SHA-256 and containing archive manifest,No repository write; remove only task-created extraction after preserving reports.,NO,BASELINE-DISPOSITION,NO_APPROVAL_REQUIRED,H0_PREPARATION
AZPR-autonomous-execution-primed-draft-v10.1.zip,tests/test_v5_security_closures.py,eb26e6cc817e3697967306bbcd86ae86235bb8491e72f3ffd051722a110853e8,VERIFICATION_ONLY,,,DEFER,NONE,Use only from the isolated extraction for verification; do not add to the application repository without approval.,human-approved mapping if later integrated,SHA-256 and containing archive manifest,No repository write; remove only task-created extraction after preserving reports.,NO,BASELINE-DISPOSITION,NO_APPROVAL_REQUIRED,H0_PREPARATION
AZPR-autonomous-execution-primed-draft-v10.1.zip,tests/test_v6_security_closures.py,6b72830a7d082e336f8c41c31ea36d5c8d33e54cd6c3208e079d8ccdf2c23157,VERIFICATION_ONLY,,,DEFER,NONE,Use only from the isolated extraction for verification; do not add to the application repository without approval.,human-approved mapping if later integrated,SHA-256 and containing archive manifest,No repository write; remove only task-created extraction after preserving reports.,NO,BASELINE-DISPOSITION,NO_APPROVAL_REQUIRED,H0_PREPARATION
AZPR-autonomous-execution-primed-draft-v10.1.zip,tests/test_v7_preautonomous_closures.py,628951a60a72f122c1c4180710c94ae825a5c549119b3e67ed965726322642ee,VERIFICATION_ONLY,,,DEFER,NONE,Use only from the isolated extraction for verification; do not add to the application repository without approval.,human-approved mapping if later integrated,SHA-256 and containing archive manifest,No repository write; remove only task-created extraction after preserving reports.,NO,BASELINE-DISPOSITION,NO_APPROVAL_REQUIRED,H0_PREPARATION
AZPR-autonomous-execution-primed-draft-v10.1.zip,tests/test_v8_corrective_controls.py,2c32ae6c5d18a3f3266c29c25b9924133a15fa7c9f9b91009e6e2726bb01d2ad,VERIFICATION_ONLY,,,DEFER,NONE,Use only from the isolated extraction for verification; do not add to the application repository without approval.,human-approved mapping if later integrated,SHA-256 and containing archive manifest,No repository write; remove only task-created extraction after preserving reports.,NO,BASELINE-DISPOSITION,NO_APPROVAL_REQUIRED,H0_PREPARATION
AZPR-autonomous-execution-primed-draft-v10.1.zip,tests/test_v9_security_closures.py,221ccae6388976e0a39beaed8f055183fec63da4a10017ff1208c1174808123b,VERIFICATION_ONLY,,,DEFER,NONE,Use only from the isolated extraction for verification; do not add to the application repository without approval.,human-approved mapping if later integrated,SHA-256 and containing archive manifest,No repository write; remove only task-created extraction after preserving reports.,NO,BASELINE-DISPOSITION,NO_APPROVAL_REQUIRED,H0_PREPARATION
AZPR-autonomous-execution-primed-draft-v10.1.zip,tests/test_validation_runner.py,ce3df5520f6f5d6dc0743da482d354b2b4164a1071e3f72ef4c0cad0e1ee950e,VERIFICATION_ONLY,,,DEFER,NONE,Use only from the isolated extraction for verification; do not add to the application repository without approval.,human-approved mapping if later integrated,SHA-256 and containing archive manifest,No repository write; remove only task-created extraction after preserving reports.,NO,BASELINE-DISPOSITION,NO_APPROVAL_REQUIRED,H0_PREPARATION
AZPR-autonomous-execution-primed-draft-v10.1.zip,tests/v10_1_test_support.py,b4ffa62f2c75ee87cf9686d121c668413326a0b8c885f384e070a4451a0d5076,VERIFICATION_ONLY,,,DEFER,NONE,Use only from the isolated extraction for verification; do not add to the application repository without approval.,human-approved mapping if later integrated,SHA-256 and containing archive manifest,No repository write; remove only task-created extraction after preserving reports.,NO,BASELINE-DISPOSITION,NO_APPROVAL_REQUIRED,H0_PREPARATION
AZPR-autonomous-execution-primed-draft-v10.1.zip,trusted-controller/controller.py,5f65a20153f30a08b64ef8e5b56a1dd0d9c885dc40c5249fe103485931d9d1d3,REPOSITORY_CONTROLLER,automation/controller.py,,DEFER,NONE,Dormant external candidate; no repository destination or execution authority until separate host qualification and cutover approval.,ADR-0009 H2/H3 gates; approved external trust boundary,controller import/dry-run only after explicit ownership resolution,No repository write; remove only task-created extraction after preserving reports.,NO,MAP-EXTERNAL-CONTROLLER,READY_FOR_APPROVAL,H2_EXTERNAL_QUALIFICATION
AZPR-autonomous-execution-primed-draft-v10.1.zip,trusted-controller/evidence_registry.py,840580423a60758f9222cc3f0f6fc86565ed3998a7e5a90ee69260a1c1980aa3,REPOSITORY_CONTROLLER,automation/controller.py,,DEFER,NONE,Dormant external candidate; no repository destination or execution authority until separate host qualification and cutover approval.,ADR-0009 H2/H3 gates; approved external trust boundary,controller import/dry-run only after explicit ownership resolution,No repository write; remove only task-created extraction after preserving reports.,NO,MAP-EXTERNAL-CONTROLLER,READY_FOR_APPROVAL,H2_EXTERNAL_QUALIFICATION
AZPR-autonomous-execution-primed-draft-v10.1.zip,trusted-controller/process_gate.py,01b75328aa61c4d8e33e054c82d5d0bae03e1b1ce8b9c9b00b46c200727112fe,REPOSITORY_CONTROLLER,automation/controller.py,,DEFER,NONE,Dormant external candidate; no repository destination or execution authority until separate host qualification and cutover approval.,ADR-0009 H2/H3 gates; approved external trust boundary,controller import/dry-run only after explicit ownership resolution,No repository write; remove only task-created extraction after preserving reports.,NO,MAP-EXTERNAL-CONTROLLER,READY_FOR_APPROVAL,H2_EXTERNAL_QUALIFICATION
AZPR-autonomous-execution-primed-draft-v10.1.zip,trusted-controller/secure_runtime.py,3c0b738b5a1189172e5020c9fa8cb7c1ab252bbbbefd6f6cf360fbca4322d71e,REPOSITORY_CONTROLLER,automation/controller.py,,DEFER,NONE,Dormant external candidate; no repository destination or execution authority until separate host qualification and cutover approval.,ADR-0009 H2/H3 gates; approved external trust boundary,controller import/dry-run only after explicit ownership resolution,No repository write; remove only task-created extraction after preserving reports.,NO,MAP-EXTERNAL-CONTROLLER,READY_FOR_APPROVAL,H2_EXTERNAL_QUALIFICATION
AZPR-autonomous-execution-primed-draft-v10.1.zip,trusted-controller/trusted_installation.py,b9af71cdd776cf27020e75373f2d2ff9150b55b36b719f797cf599dcdbc81296,REPOSITORY_CONTROLLER,automation/controller.py,,DEFER,NONE,Dormant external candidate; no repository destination or execution authority until separate host qualification and cutover approval.,ADR-0009 H2/H3 gates; approved external trust boundary,controller import/dry-run only after explicit ownership resolution,No repository write; remove only task-created extraction after preserving reports.,NO,MAP-EXTERNAL-CONTROLLER,READY_FOR_APPROVAL,H2_EXTERNAL_QUALIFICATION
AZPR-autonomous-execution-primed-draft-v10.1.zip,trusted-installation/install.py,3bbbedf30dc29e99817f929396fb8ff8829b8876748a8f505005140a46bce7ee,HOST_INSTALLATION_TOOL,,,DEFER,NONE,Dormant external candidate; no repository destination or execution authority until separate host qualification and cutover approval.,ADR-0009 H2/H3 gates; approved external trust boundary,source-only verification; never execute privileged/install paths in this task,No repository write; remove only task-created extraction after preserving reports.,NO,MAP-EXTERNAL-CONTROLLER,READY_FOR_APPROVAL,H2_EXTERNAL_QUALIFICATION
AZPR-autonomous-execution-primed-draft-v10.1.zip,trusted-installation/v10_binding.py,b746f9138c1152320cd625a35c09d6a33355b0421bd599c27d77823229f53024,HOST_INSTALLATION_TOOL,,,DEFER,NONE,Dormant external candidate; no repository destination or execution authority until separate host qualification and cutover approval.,ADR-0009 H2/H3 gates; approved external trust boundary,source-only verification; never execute privileged/install paths in this task,No repository write; remove only task-created extraction after preserving reports.,NO,MAP-EXTERNAL-CONTROLLER,READY_FOR_APPROVAL,H2_EXTERNAL_QUALIFICATION
AZPR-autonomous-execution-primed-draft-v10.1.zip,trusted-installation/v9_binding.py,a541ca2731c43a35a21d5082a0987ac384ed939492e4be6e67bd31c9e6445550,HOST_INSTALLATION_TOOL,,,DEFER,NONE,Dormant external candidate; no repository destination or execution authority until separate host qualification and cutover approval.,ADR-0009 H2/H3 gates; approved external trust boundary,source-only verification; never execute privileged/install paths in this task,No repository write; remove only task-created extraction after preserving reports.,NO,MAP-EXTERNAL-CONTROLLER,READY_FOR_APPROVAL,H2_EXTERNAL_QUALIFICATION
AZPR-autonomous-execution-primed-draft-v10.1.zip,trusted-installation/v9_transaction.py,700add7d6ab69dac01b8cc0dbfe94a9499254e9fd5b424ea72c0718fdab3e786,HOST_INSTALLATION_TOOL,,,DEFER,NONE,Dormant external candidate; no repository destination or execution authority until separate host qualification and cutover approval.,ADR-0009 H2/H3 gates; approved external trust boundary,source-only verification; never execute privileged/install paths in this task,No repository write; remove only task-created extraction after preserving reports.,NO,MAP-EXTERNAL-CONTROLLER,READY_FOR_APPROVAL,H2_EXTERNAL_QUALIFICATION
AZPR-autonomous-execution-primed-draft-v10.1.zip,trusted-validation-runner/trusted_installation.py,b9af71cdd776cf27020e75373f2d2ff9150b55b36b719f797cf599dcdbc81296,HOST_INSTALLATION_TOOL,,,DEFER,NONE,Dormant external candidate; no repository destination or execution authority until separate host qualification and cutover approval.,ADR-0009 H2/H3 gates; approved external trust boundary,source-only verification; never execute privileged/install paths in this task,No repository write; remove only task-created extraction after preserving reports.,NO,MAP-EXTERNAL-CONTROLLER,READY_FOR_APPROVAL,H2_EXTERNAL_QUALIFICATION
AZPR-autonomous-execution-primed-draft-v10.1.zip,trusted-validation-runner/trusted_validation_runner.py,79851ac5d5004bb941e29dae25250525e3b292dd0c322f963b08e4451c4d4088,HOST_INSTALLATION_TOOL,,,DEFER,NONE,Dormant external candidate; no repository destination or execution authority until separate host qualification and cutover approval.,ADR-0009 H2/H3 gates; approved external trust boundary,source-only verification; never execute privileged/install paths in this task,No repository write; remove only task-created extraction after preserving reports.,NO,MAP-EXTERNAL-CONTROLLER,READY_FOR_APPROVAL,H2_EXTERNAL_QUALIFICATION
AZPR-autonomous-execution-primed-draft-v10.1-reports.zip,ASSESSMENT-BASIS.md,642f58cbf1969826698e95735e3c9d4d1bc45534e551e9fe076fca772d803476,REPORT_ONLY,,docs/delivery-provenance/v10.1/frozen-delivery-reports/ASSESSMENT-BASIS.md,ADD,NONE,Preserve one byte-exact report-tree copy as non-authoritative delivery provenance.,delivery reports manifest; provenance identity,SHA-256 and containing archive manifest,No repository write; remove only task-created extraction after preserving reports.,NO,MAP-PROVENANCE,READY_FOR_APPROVAL,H0_PREPARATION
AZPR-autonomous-execution-primed-draft-v10.1-reports.zip,SHA256SUMS.json,6cefa4d10fb2c8cfed01bfd40067bab8201434f8ebc5fa2677ecd454e4d3de6a,VERIFICATION_ONLY,,docs/delivery-provenance/v10.1/frozen-delivery-reports/SHA256SUMS.json,ADD,NONE,Preserve one byte-exact report-tree copy as non-authoritative delivery provenance.,delivery reports manifest; provenance identity,SHA-256 and containing archive manifest,No repository write; remove only task-created extraction after preserving reports.,NO,MAP-PROVENANCE,READY_FOR_APPROVAL,H0_PREPARATION
AZPR-autonomous-execution-primed-draft-v10.1-reports.zip,current-documents/CURRENT-DOCUMENT-INDEX.json,76243b1fee34b055c7c2dab28401eecb3a2aeef0b40b0b39c9877b62322ec029,REPORT_ONLY,,docs/delivery-provenance/v10.1/frozen-delivery-reports/current-documents/CURRENT-DOCUMENT-INDEX.json,ADD,NONE,Preserve one byte-exact report-tree copy as non-authoritative delivery provenance.,delivery reports manifest; provenance identity,SHA-256 and containing archive manifest,No repository write; remove only task-created extraction after preserving reports.,NO,MAP-PROVENANCE,READY_FOR_APPROVAL,H0_PREPARATION
AZPR-autonomous-execution-primed-draft-v10.1-reports.zip,current-documents/KNOWN-LIMITATIONS-AND-QUALIFICATION-DEPENDENCIES.md,8e84114e607a61afa8fef48bdd3e907048b362e0f4398a43d90c7f90a04ae605,REPORT_ONLY,,docs/delivery-provenance/v10.1/frozen-delivery-reports/current-documents/KNOWN-LIMITATIONS-AND-QUALIFICATION-DEPENDENCIES.md,ADD,NONE,Preserve one byte-exact report-tree copy as non-authoritative delivery provenance.,delivery reports manifest; provenance identity,SHA-256 and containing archive manifest,No repository write; remove only task-created extraction after preserving reports.,NO,MAP-PROVENANCE,READY_FOR_APPROVAL,H0_PREPARATION
AZPR-autonomous-execution-primed-draft-v10.1-reports.zip,current-documents/MAJOR-CHANGES.md,23407216a60264f3e4b42bb9e9dd5c5eec22a65ee0ee5b48d92d31206d251c01,REPORT_ONLY,,docs/delivery-provenance/v10.1/frozen-delivery-reports/current-documents/MAJOR-CHANGES.md,ADD,NONE,Preserve one byte-exact report-tree copy as non-authoritative delivery provenance.,delivery reports manifest; provenance identity,SHA-256 and containing archive manifest,No repository write; remove only task-created extraction after preserving reports.,NO,MAP-PROVENANCE,READY_FOR_APPROVAL,H0_PREPARATION
AZPR-autonomous-execution-primed-draft-v10.1-reports.zip,current-documents/README.md,35465084c089a00f4af55b1b7d7e59e59d014b0c557be15c311b1459d6dd4776,REPORT_ONLY,,docs/delivery-provenance/v10.1/frozen-delivery-reports/current-documents/README.md,ADD,NONE,Preserve one byte-exact report-tree copy as non-authoritative delivery provenance.,delivery reports manifest; provenance identity,SHA-256 and containing archive manifest,No repository write; remove only task-created extraction after preserving reports.,NO,MAP-PROVENANCE,READY_FOR_APPROVAL,H0_PREPARATION
AZPR-autonomous-execution-primed-draft-v10.1-reports.zip,current-documents/REMEDIATION-STATUS.json,703b9934f0d20eb147621b7871b4b510aaedb96df1c082442c3eaf0174ca23fd,REPORT_ONLY,,docs/delivery-provenance/v10.1/frozen-delivery-reports/current-documents/REMEDIATION-STATUS.json,ADD,NONE,Preserve one byte-exact report-tree copy as non-authoritative delivery provenance.,delivery reports manifest; provenance identity,SHA-256 and containing archive manifest,No repository write; remove only task-created extraction after preserving reports.,NO,MAP-PROVENANCE,READY_FOR_APPROVAL,H0_PREPARATION
AZPR-autonomous-execution-primed-draft-v10.1-reports.zip,current-documents/SECURITY-DECISIONS.md,e2a29719389b66bc745c0cbaea3ab8de163ac2e48f3f225ce2d27556dee3638d,REPORT_ONLY,,docs/delivery-provenance/v10.1/frozen-delivery-reports/current-documents/SECURITY-DECISIONS.md,ADD,NONE,Preserve one byte-exact report-tree copy as non-authoritative delivery provenance.,delivery reports manifest; provenance identity,SHA-256 and containing archive manifest,No repository write; remove only task-created extraction after preserving reports.,NO,MAP-PROVENANCE,READY_FOR_APPROVAL,H0_PREPARATION
AZPR-autonomous-execution-primed-draft-v10.1-reports.zip,current-documents/V10-ADVERSARIAL-MUTATION-SUBSTITUTION-AND-TEST-CATALOG-REPORT.md,90f33f795d779a503fdc8cbb13b4b567abf473c75c6c1be933d650501e842928,REPORT_ONLY,,docs/delivery-provenance/v10.1/frozen-delivery-reports/current-documents/V10-ADVERSARIAL-MUTATION-SUBSTITUTION-AND-TEST-CATALOG-REPORT.md,ADD,NONE,Preserve one byte-exact report-tree copy as non-authoritative delivery provenance.,delivery reports manifest; provenance identity,SHA-256 and containing archive manifest,No repository write; remove only task-created extraction after preserving reports.,NO,MAP-PROVENANCE,READY_FOR_APPROVAL,H0_PREPARATION
AZPR-autonomous-execution-primed-draft-v10.1-reports.zip,current-documents/V10-AFFECTED-FILES-FUNCTIONS-SCHEMAS-AND-MODIFICATION-BOUNDARIES.md,a255c6b4b13cdc5a40151f1590be5d233e39d25a653df757dc913def55720458,REPORT_ONLY,,docs/delivery-provenance/v10.1/frozen-delivery-reports/current-documents/V10-AFFECTED-FILES-FUNCTIONS-SCHEMAS-AND-MODIFICATION-BOUNDARIES.md,ADD,NONE,Preserve one byte-exact report-tree copy as non-authoritative delivery provenance.,delivery reports manifest; provenance identity,SHA-256 and containing archive manifest,No repository write; remove only task-created extraction after preserving reports.,NO,MAP-PROVENANCE,READY_FOR_APPROVAL,H0_PREPARATION
AZPR-autonomous-execution-primed-draft-v10.1-reports.zip,current-documents/V10-BOOTSTRAP-ROOT-HARDENING-REPORT.md,5ff9d0508f8ff3f2d0fe3a5d12fafbd790a38044bd32df59a5ac7085d011f356,REPORT_ONLY,,docs/delivery-provenance/v10.1/frozen-delivery-reports/current-documents/V10-BOOTSTRAP-ROOT-HARDENING-REPORT.md,ADD,NONE,Preserve one byte-exact report-tree copy as non-authoritative delivery provenance.,delivery reports manifest; provenance identity,SHA-256 and containing archive manifest,No repository write; remove only task-created extraction after preserving reports.,NO,MAP-PROVENANCE,READY_FOR_APPROVAL,H0_PREPARATION
AZPR-autonomous-execution-primed-draft-v10.1-reports.zip,current-documents/V10-EVIDENCE-DERIVATION-AND-KEY-LIFECYCLE-INTEGRATION-REPORT.md,0312a3734985c6dce9fea258fb58b0a0d62346e1dd38d0e7b344006c88f49a4f,REPORT_ONLY,,docs/delivery-provenance/v10.1/frozen-delivery-reports/current-documents/V10-EVIDENCE-DERIVATION-AND-KEY-LIFECYCLE-INTEGRATION-REPORT.md,ADD,NONE,Preserve one byte-exact report-tree copy as non-authoritative delivery provenance.,delivery reports manifest; provenance identity,SHA-256 and containing archive manifest,No repository write; remove only task-created extraction after preserving reports.,NO,MAP-PROVENANCE,READY_FOR_APPROVAL,H0_PREPARATION
AZPR-autonomous-execution-primed-draft-v10.1-reports.zip,current-documents/V10-FINDING-CLOSURE-MATRIX.md,a3e87dcc920dff1295c1046d239265d0c65802574f165781329cda58fe22610d,REPORT_ONLY,,docs/delivery-provenance/v10.1/frozen-delivery-reports/current-documents/V10-FINDING-CLOSURE-MATRIX.md,ADD,NONE,Preserve one byte-exact report-tree copy as non-authoritative delivery provenance.,delivery reports manifest; provenance identity,SHA-256 and containing archive manifest,No repository write; remove only task-created extraction after preserving reports.,NO,MAP-PROVENANCE,READY_FOR_APPROVAL,H0_PREPARATION
AZPR-autonomous-execution-primed-draft-v10.1-reports.zip,current-documents/V10-INSTALLER-TRANSACTION-CONCURRENCY-ROLLBACK-FAULT-REGRESSION-REPORT.md,1403f0701f9b9692c729cba75b235eca75a9833ae43ee8f9f3e96b7293dad33e,REPORT_ONLY,,docs/delivery-provenance/v10.1/frozen-delivery-reports/current-documents/V10-INSTALLER-TRANSACTION-CONCURRENCY-ROLLBACK-FAULT-REGRESSION-REPORT.md,ADD,NONE,Preserve one byte-exact report-tree copy as non-authoritative delivery provenance.,delivery reports manifest; provenance identity,SHA-256 and containing archive manifest,No repository write; remove only task-created extraction after preserving reports.,NO,MAP-PROVENANCE,READY_FOR_APPROVAL,H0_PREPARATION
AZPR-autonomous-execution-primed-draft-v10.1-reports.zip,current-documents/V10-NONROOT-RELEASE-VERIFIER-REPORT.md,fe21ba6cffc5d8aa4954dc401ef7be54a51ba0c715067ca071f0c3a25a450414,REPORT_ONLY,,docs/delivery-provenance/v10.1/frozen-delivery-reports/current-documents/V10-NONROOT-RELEASE-VERIFIER-REPORT.md,ADD,NONE,Preserve one byte-exact report-tree copy as non-authoritative delivery provenance.,delivery reports manifest; provenance identity,SHA-256 and containing archive manifest,No repository write; remove only task-created extraction after preserving reports.,NO,MAP-PROVENANCE,READY_FOR_APPROVAL,H0_PREPARATION
AZPR-autonomous-execution-primed-draft-v10.1-reports.zip,current-documents/V10-PROBE-TRUST-ROOT-AND-EXTERNAL-SIGNING-REPORT.md,5240119a342e5b6c29a43ab1754813ec1afffb58c6004dd3abf00b6f43b4347b,REPORT_ONLY,,docs/delivery-provenance/v10.1/frozen-delivery-reports/current-documents/V10-PROBE-TRUST-ROOT-AND-EXTERNAL-SIGNING-REPORT.md,ADD,NONE,Preserve one byte-exact report-tree copy as non-authoritative delivery provenance.,delivery reports manifest; provenance identity,SHA-256 and containing archive manifest,No repository write; remove only task-created extraction after preserving reports.,NO,MAP-PROVENANCE,READY_FOR_APPROVAL,H0_PREPARATION
AZPR-autonomous-execution-primed-draft-v10.1-reports.zip,current-documents/V10-QUALIFICATION-ARTIFACT-BINDING-MATRIX.md,3cddbcbffde867740dd19e2d401d611c55589b9d636976897feac28b9e3edf83,REPORT_ONLY,,docs/delivery-provenance/v10.1/frozen-delivery-reports/current-documents/V10-QUALIFICATION-ARTIFACT-BINDING-MATRIX.md,ADD,NONE,Preserve one byte-exact report-tree copy as non-authoritative delivery provenance.,delivery reports manifest; provenance identity,SHA-256 and containing archive manifest,No repository write; remove only task-created extraction after preserving reports.,NO,MAP-PROVENANCE,READY_FOR_APPROVAL,H0_PREPARATION
AZPR-autonomous-execution-primed-draft-v10.1-reports.zip,current-documents/V10-QUALIFICATION-HANDOFF.md,5247fa5b8d5c2ec5df187623bfc309fefa569e1bf8cc792609c031f361095049,REPORT_ONLY,,docs/delivery-provenance/v10.1/frozen-delivery-reports/current-documents/V10-QUALIFICATION-HANDOFF.md,ADD,NONE,Preserve one byte-exact report-tree copy as non-authoritative delivery provenance.,delivery reports manifest; provenance identity,SHA-256 and containing archive manifest,No repository write; remove only task-created extraction after preserving reports.,NO,MAP-PROVENANCE,READY_FOR_APPROVAL,H0_PREPARATION
AZPR-autonomous-execution-primed-draft-v10.1-reports.zip,current-documents/V10-RELEASE-TEST-CATALOG.json,a2be3e88c99b0cf6c5b880a43bc8140ea60854d6a3a27c613f777f7302f22bd5,VERIFICATION_ONLY,,docs/delivery-provenance/v10.1/frozen-delivery-reports/current-documents/V10-RELEASE-TEST-CATALOG.json,ADD,NONE,Preserve one byte-exact report-tree copy as non-authoritative delivery provenance.,delivery reports manifest; provenance identity,SHA-256 and containing archive manifest,No repository write; remove only task-created extraction after preserving reports.,NO,MAP-PROVENANCE,READY_FOR_APPROVAL,H0_PREPARATION
AZPR-autonomous-execution-primed-draft-v10.1-reports.zip,current-documents/V10-SECURITY-INVARIANTS-AND-ARCHITECTURE.md,c659c113526fef375a45d1fc14ebc3ea4aa9a6a8226ef20fcb9e450104dbfb35,REPORT_ONLY,,docs/delivery-provenance/v10.1/frozen-delivery-reports/current-documents/V10-SECURITY-INVARIANTS-AND-ARCHITECTURE.md,ADD,NONE,Preserve one byte-exact report-tree copy as non-authoritative delivery provenance.,delivery reports manifest; provenance identity,SHA-256 and containing archive manifest,No repository write; remove only task-created extraction after preserving reports.,NO,MAP-PROVENANCE,READY_FOR_APPROVAL,H0_PREPARATION
AZPR-autonomous-execution-primed-draft-v10.1-reports.zip,current-documents/V10.1-FINDING-VERIFICATION-SUMMARY.json,70e54668350defd0260db0d5d20a0195ba5fef3a921b147b1c9dca9b4bc41ff9,REPORT_ONLY,,docs/delivery-provenance/v10.1/frozen-delivery-reports/current-documents/V10.1-FINDING-VERIFICATION-SUMMARY.json,ADD,NONE,Preserve one byte-exact report-tree copy as non-authoritative delivery provenance.,delivery reports manifest; provenance identity,SHA-256 and containing archive manifest,No repository write; remove only task-created extraction after preserving reports.,NO,MAP-PROVENANCE,READY_FOR_APPROVAL,H0_PREPARATION
AZPR-autonomous-execution-primed-draft-v10.1-reports.zip,current-documents/V10.1-INTERNAL-SECURITY-MANAGEMENT-CORRECTIVE-REPORT.md,5d3e7c40d3eabb1076c94170df15fe8e50262dc515514a7f7d7d61d720ab2357,REPORT_ONLY,,docs/delivery-provenance/v10.1/frozen-delivery-reports/current-documents/V10.1-INTERNAL-SECURITY-MANAGEMENT-CORRECTIVE-REPORT.md,ADD,NONE,Preserve one byte-exact report-tree copy as non-authoritative delivery provenance.,delivery reports manifest; provenance identity,SHA-256 and containing archive manifest,No repository write; remove only task-created extraction after preserving reports.,NO,MAP-PROVENANCE,READY_FOR_APPROVAL,H0_PREPARATION
AZPR-autonomous-execution-primed-draft-v10.1-reports.zip,development-evidence/failed-freeze-attempts/source-tree-verification-final.json,7e5c88e624f1ad0332beff7a285902f454a7ee303a7a30b30fe150b098b1eff0,HISTORICAL_ONLY,,docs/delivery-provenance/v10.1/frozen-delivery-reports/development-evidence/failed-freeze-attempts/source-tree-verification-final.json,ADD,NONE,Preserve one byte-exact report-tree copy as non-authoritative delivery provenance.,delivery reports manifest; provenance identity,SHA-256 and containing archive manifest,No repository write; remove only task-created extraction after preserving reports.,NO,MAP-PROVENANCE,READY_FOR_APPROVAL,H0_PREPARATION
AZPR-autonomous-execution-primed-draft-v10.1-reports.zip,development-evidence/failed-freeze-attempts/source-tree-verification-final.stderr,4aa5795d211bba0f5ef749581e192a81e9fe9724de29051874d618949ec087f2,HISTORICAL_ONLY,,docs/delivery-provenance/v10.1/frozen-delivery-reports/development-evidence/failed-freeze-attempts/source-tree-verification-final.stderr,ADD,NONE,Preserve one byte-exact report-tree copy as non-authoritative delivery provenance.,delivery reports manifest; provenance identity,SHA-256 and containing archive manifest,No repository write; remove only task-created extraction after preserving reports.,NO,MAP-PROVENANCE,READY_FOR_APPROVAL,H0_PREPARATION
AZPR-autonomous-execution-primed-draft-v10.1-reports.zip,development-evidence/failed-freeze-attempts/source-tree-verification-final2.json,8af42ee1e68d159bac4d3c8da21eca7b4d5d0fbaae3e1f592855e71f5b9a0700,HISTORICAL_ONLY,,docs/delivery-provenance/v10.1/frozen-delivery-reports/development-evidence/failed-freeze-attempts/source-tree-verification-final2.json,ADD,NONE,Preserve one byte-exact report-tree copy as non-authoritative delivery provenance.,delivery reports manifest; provenance identity,SHA-256 and containing archive manifest,No repository write; remove only task-created extraction after preserving reports.,NO,MAP-PROVENANCE,READY_FOR_APPROVAL,H0_PREPARATION
AZPR-autonomous-execution-primed-draft-v10.1-reports.zip,development-evidence/failed-freeze-attempts/source-tree-verification-final2.stderr,d47634493757a5b8973234deecb0bc6aecb5542de4b0130a6af232ecd24df6cb,HISTORICAL_ONLY,,docs/delivery-provenance/v10.1/frozen-delivery-reports/development-evidence/failed-freeze-attempts/source-tree-verification-final2.stderr,ADD,NONE,Preserve one byte-exact report-tree copy as non-authoritative delivery provenance.,delivery reports manifest; provenance identity,SHA-256 and containing archive manifest,No repository write; remove only task-created extraction after preserving reports.,NO,MAP-PROVENANCE,READY_FOR_APPROVAL,H0_PREPARATION
AZPR-autonomous-execution-primed-draft-v10.1-reports.zip,development-evidence/failed-freeze-attempts/source-tree-verification-final3.json,36d236c5947dc268ea793b1e9bc62f378ebd2125c9cd08dec545f4309c80dda8,HISTORICAL_ONLY,,docs/delivery-provenance/v10.1/frozen-delivery-reports/development-evidence/failed-freeze-attempts/source-tree-verification-final3.json,ADD,NONE,Preserve one byte-exact report-tree copy as non-authoritative delivery provenance.,delivery reports manifest; provenance identity,SHA-256 and containing archive manifest,No repository write; remove only task-created extraction after preserving reports.,NO,MAP-PROVENANCE,READY_FOR_APPROVAL,H0_PREPARATION
AZPR-autonomous-execution-primed-draft-v10.1-reports.zip,development-evidence/failed-freeze-attempts/source-tree-verification-final3.stderr,5f7f9fcf510a527802bb085b6f3355bd62498ceac467c89d7d007c14daad5382,HISTORICAL_ONLY,,docs/delivery-provenance/v10.1/frozen-delivery-reports/development-evidence/failed-freeze-attempts/source-tree-verification-final3.stderr,ADD,NONE,Preserve one byte-exact report-tree copy as non-authoritative delivery provenance.,delivery reports manifest; provenance identity,SHA-256 and containing archive manifest,No repository write; remove only task-created extraction after preserving reports.,NO,MAP-PROVENANCE,READY_FOR_APPROVAL,H0_PREPARATION
AZPR-autonomous-execution-primed-draft-v10.1-reports.zip,development-evidence/failed-freeze-attempts/source-tree-verification.json,04316ecb0e9458066720ad873fe564afd213cc4fdefad2ffa65f73492466a355,HISTORICAL_ONLY,,docs/delivery-provenance/v10.1/frozen-delivery-reports/development-evidence/failed-freeze-attempts/source-tree-verification.json,ADD,NONE,Preserve one byte-exact report-tree copy as non-authoritative delivery provenance.,delivery reports manifest; provenance identity,SHA-256 and containing archive manifest,No repository write; remove only task-created extraction after preserving reports.,NO,MAP-PROVENANCE,READY_FOR_APPROVAL,H0_PREPARATION
AZPR-autonomous-execution-primed-draft-v10.1-reports.zip,development-evidence/failed-freeze-attempts/source-tree-verification.stderr,ae5a838952af8759a11e07c3d203f77873de066b244b1d93daa1e4ec9e4c042b,HISTORICAL_ONLY,,docs/delivery-provenance/v10.1/frozen-delivery-reports/development-evidence/failed-freeze-attempts/source-tree-verification.stderr,ADD,NONE,Preserve one byte-exact report-tree copy as non-authoritative delivery provenance.,delivery reports manifest; provenance identity,SHA-256 and containing archive manifest,No repository write; remove only task-created extraction after preserving reports.,NO,MAP-PROVENANCE,READY_FOR_APPROVAL,H0_PREPARATION
AZPR-autonomous-execution-primed-draft-v10.1-reports.zip,verification/AZPR-v10.1-diff-summary.json,6d853c28511fd5886159ba4c5c18d8a17f43aed7f8189dd1128c67b9ea4d8b70,VERIFICATION_ONLY,,docs/delivery-provenance/v10.1/frozen-delivery-reports/verification/AZPR-v10.1-diff-summary.json,ADD,NONE,Preserve one byte-exact report-tree copy as non-authoritative delivery provenance.,delivery reports manifest; provenance identity,SHA-256 and containing archive manifest,No repository write; remove only task-created extraction after preserving reports.,NO,MAP-PROVENANCE,READY_FOR_APPROVAL,H0_PREPARATION
AZPR-autonomous-execution-primed-draft-v10.1-reports.zip,verification/AZPR-v10.1-fresh-extraction-verification.json,f95105126defe64fbab809e9b1513af8b02b812a9c5a21fd7691a9cb9d13f60c,VERIFICATION_ONLY,,docs/delivery-provenance/v10.1/frozen-delivery-reports/verification/AZPR-v10.1-fresh-extraction-verification.json,ADD,NONE,Preserve one byte-exact report-tree copy as non-authoritative delivery provenance.,delivery reports manifest; provenance identity,SHA-256 and containing archive manifest,No repository write; remove only task-created extraction after preserving reports.,NO,MAP-PROVENANCE,READY_FOR_APPROVAL,H0_PREPARATION
AZPR-autonomous-execution-primed-draft-v10.1-reports.zip,verification/AZPR-v10.1-fresh-extraction-verification.stderr,e3b0c44298fc1c149afbf4c8996fb92427ae41e4649b934ca495991b7852b855,VERIFICATION_ONLY,,docs/delivery-provenance/v10.1/frozen-delivery-reports/verification/AZPR-v10.1-fresh-extraction-verification.stderr,ADD,NONE,Preserve one byte-exact report-tree copy as non-authoritative delivery provenance.,delivery reports manifest; provenance identity,SHA-256 and containing archive manifest,No repository write; remove only task-created extraction after preserving reports.,NO,MAP-PROVENANCE,READY_FOR_APPROVAL,H0_PREPARATION
AZPR-autonomous-execution-primed-draft-v10.1-reports.zip,verification/AZPR-v10.1-release-verification-summary.md,7a153dcd7649bafd6aca09b40ffc6cd472635f1769b9231910da2a2612762117,VERIFICATION_ONLY,,docs/delivery-provenance/v10.1/frozen-delivery-reports/verification/AZPR-v10.1-release-verification-summary.md,ADD,NONE,Preserve one byte-exact report-tree copy as non-authoritative delivery provenance.,delivery reports manifest; provenance identity,SHA-256 and containing archive manifest,No repository write; remove only task-created extraction after preserving reports.,NO,MAP-PROVENANCE,READY_FOR_APPROVAL,H0_PREPARATION
AZPR-autonomous-execution-primed-draft-v10.1-reports.zip,verification/AZPR-v10.1-release-verification.json,766f94f80227125afd4394ec1fd0a49f987a2e044c4af02c7fd00564f7ddeaba,VERIFICATION_ONLY,,docs/delivery-provenance/v10.1/frozen-delivery-reports/verification/AZPR-v10.1-release-verification.json,ADD,NONE,Preserve one byte-exact report-tree copy as non-authoritative delivery provenance.,delivery reports manifest; provenance identity,SHA-256 and containing archive manifest,No repository write; remove only task-created extraction after preserving reports.,NO,MAP-PROVENANCE,READY_FOR_APPROVAL,H0_PREPARATION
AZPR-autonomous-execution-primed-draft-v10.1-reports.zip,verification/AZPR-v10.1-source-tree-verification.json,c4309758b92f6a62d5df04020557ff2cdf7eb12c22ae545ca9d22af12b2c912a,VERIFICATION_ONLY,,docs/delivery-provenance/v10.1/frozen-delivery-reports/verification/AZPR-v10.1-source-tree-verification.json,ADD,NONE,Preserve one byte-exact report-tree copy as non-authoritative delivery provenance.,delivery reports manifest; provenance identity,SHA-256 and containing archive manifest,No repository write; remove only task-created extraction after preserving reports.,NO,MAP-PROVENANCE,READY_FOR_APPROVAL,H0_PREPARATION
AZPR-autonomous-execution-primed-draft-v10.1-reports.zip,verification/AZPR-v10.1-source-tree-verification.stderr,e3b0c44298fc1c149afbf4c8996fb92427ae41e4649b934ca495991b7852b855,VERIFICATION_ONLY,,docs/delivery-provenance/v10.1/frozen-delivery-reports/verification/AZPR-v10.1-source-tree-verification.stderr,ADD,NONE,Preserve one byte-exact report-tree copy as non-authoritative delivery provenance.,delivery reports manifest; provenance identity,SHA-256 and containing archive manifest,No repository write; remove only task-created extraction after preserving reports.,NO,MAP-PROVENANCE,READY_FOR_APPROVAL,H0_PREPARATION
AZPR-autonomous-execution-primed-draft-v10.1-reports.zip,verification/V10.1-FINAL-VERIFICATION-RECORD.md,ddd3389535f664ad93cb942dbd36dfacb8dd67bba594c2ce7e4d9275a3ff6cae,VERIFICATION_ONLY,,docs/delivery-provenance/v10.1/frozen-delivery-reports/verification/V10.1-FINAL-VERIFICATION-RECORD.md,ADD,NONE,Preserve one byte-exact report-tree copy as non-authoritative delivery provenance.,delivery reports manifest; provenance identity,SHA-256 and containing archive manifest,No repository write; remove only task-created extraction after preserving reports.,NO,MAP-PROVENANCE,READY_FOR_APPROVAL,H0_PREPARATION
AZPR-autonomous-execution-primed-draft-v10.1-reports.zip,verification/collect-v10.1-frozen.txt,8febf5d2959a9ca1b48459569093713c32aaff0c1d767736cb0540cdd2e08681,VERIFICATION_ONLY,,docs/delivery-provenance/v10.1/frozen-delivery-reports/verification/collect-v10.1-frozen.txt,ADD,NONE,Preserve one byte-exact report-tree copy as non-authoritative delivery provenance.,delivery reports manifest; provenance identity,SHA-256 and containing archive manifest,No repository write; remove only task-created extraction after preserving reports.,NO,MAP-PROVENANCE,READY_FOR_APPROVAL,H0_PREPARATION
markdown-prompts-autonomous-priming-draft-v10.1.zip,automation/appendices/appendix-a-audit-correction-prompt.md,d06425a0de4be32a5d29b1916d86f8442de636105a502c05c9c64df0906e592c,REPOSITORY_PROMPT,automation/appendices/appendix-a-audit-correction-prompt.md,,QUARANTINE,NONE,Byte-identical standalone representation; retain hash provenance and never create a competing active set.,canonical prompt decision is represented by implementation-overlay rows,SHA-256 and containing archive manifest,No repository write; remove only task-created extraction after preserving reports.,NO,MAP-PROMPTS-V10.1,READY_FOR_APPROVAL,H0_PREPARATION
markdown-prompts-autonomous-priming-draft-v10.1.zip,automation/appendices/appendix-b-optional-controlled-sms-canary-enablement-prompt.md,b8211d41b29c1aff3e092abed5932d7ca006b89cb46ff7944fc4c14762bb00ba,REPOSITORY_PROMPT,automation/appendices/appendix-b-optional-controlled-sms-canary-enablement-prompt.md,,QUARANTINE,NONE,Byte-identical standalone representation; retain hash provenance and never create a competing active set.,canonical prompt decision is represented by implementation-overlay rows,SHA-256 and containing archive manifest,No repository write; remove only task-created extraction after preserving reports.,NO,MAP-PROMPTS-V10.1,READY_FOR_APPROVAL,H0_PREPARATION
markdown-prompts-autonomous-priming-draft-v10.1.zip,automation/appendices/appendix-c-optional-controlled-sms-canary-activation-audit.md,3b6502a9af9f73efeeefa55b26a7a34d459d8e63fa241cf97def740d50cf031e,REPOSITORY_PROMPT,automation/appendices/appendix-c-optional-controlled-sms-canary-activation-audit.md,,QUARANTINE,NONE,Byte-identical standalone representation; retain hash provenance and never create a competing active set.,canonical prompt decision is represented by implementation-overlay rows,SHA-256 and containing archive manifest,No repository write; remove only task-created extraction after preserving reports.,NO,MAP-PROMPTS-V10.1,READY_FOR_APPROVAL,H0_PREPARATION
markdown-prompts-autonomous-priming-draft-v10.1.zip,automation/numbered/001-close-the-post-core-traceability-release-gate.md,d8594893a0d780d1e6b7c24310da1d59ea0b28ccae126aa82bc3c122ee558bec,REPOSITORY_PROMPT,automation/numbered/001-close-the-post-core-traceability-release-gate.md,,QUARANTINE,NONE,Byte-identical standalone representation; retain hash provenance and never create a competing active set.,canonical prompt decision is represented by implementation-overlay rows,SHA-256 and containing archive manifest,No repository write; remove only task-created extraction after preserving reports.,NO,MAP-PROMPTS-V10.1,READY_FOR_APPROVAL,H0_PREPARATION
markdown-prompts-autonomous-priming-draft-v10.1.zip,automation/numbered/002-post-core-traceability-corrective-audit.md,eca79f169f1fc2510289a95fef0ffc99fd640183c1f6397af65ecd2c16164966,REPOSITORY_PROMPT,automation/numbered/002-post-core-traceability-corrective-audit.md,,QUARANTINE,NONE,Byte-identical standalone representation; retain hash provenance and never create a competing active set.,canonical prompt decision is represented by implementation-overlay rows,SHA-256 and containing archive manifest,No repository write; remove only task-created extraction after preserving reports.,NO,MAP-PROMPTS-V10.1,READY_FOR_APPROVAL,H0_PREPARATION
markdown-prompts-autonomous-priming-draft-v10.1.zip,automation/numbered/003-define-and-govern-the-narrow-pilot-scope.md,150db831ce9683c32c30febafcd3635c191dd84c222d7ca0528dc348d1a33e9d,REPOSITORY_PROMPT,automation/numbered/003-define-and-govern-the-narrow-pilot-scope.md,,QUARANTINE,NONE,Byte-identical standalone representation; retain hash provenance and never create a competing active set.,canonical prompt decision is represented by implementation-overlay rows,SHA-256 and containing archive manifest,No repository write; remove only task-created extraction after preserving reports.,NO,MAP-PROMPTS-V10.1,READY_FOR_APPROVAL,H0_PREPARATION
markdown-prompts-autonomous-priming-draft-v10.1.zip,automation/numbered/004-select-and-govern-the-production-application-stack.md,21ea0aa1ede17ffcaa3e25a79564fd08cd9f3d61d129f1a8c46f50ff76fbad61,REPOSITORY_PROMPT,automation/numbered/004-select-and-govern-the-production-application-stack.md,,QUARANTINE,NONE,Byte-identical standalone representation; retain hash provenance and never create a competing active set.,canonical prompt decision is represented by implementation-overlay rows,SHA-256 and containing archive manifest,No repository write; remove only task-created extraction after preserving reports.,NO,MAP-PROMPTS-V10.1,READY_FOR_APPROVAL,H0_PREPARATION
markdown-prompts-autonomous-priming-draft-v10.1.zip,automation/numbered/005-bootstrap-the-production-application-shell-and-engineering-baseline.md,29a60ccb3b6b8418f154a981e0ef7695cacf154147250f0883d32a2c06cc273a,REPOSITORY_PROMPT,automation/numbered/005-bootstrap-the-production-application-shell-and-engineering-baseline.md,,QUARANTINE,NONE,Byte-identical standalone representation; retain hash provenance and never create a competing active set.,canonical prompt decision is represented by implementation-overlay rows,SHA-256 and containing archive manifest,No repository write; remove only task-created extraction after preserving reports.,NO,MAP-PROMPTS-V10.1,READY_FOR_APPROVAL,H0_PREPARATION
markdown-prompts-autonomous-priming-draft-v10.1.zip,automation/numbered/006-mvp-scope-and-architecture-decision-audit.md,b42f75dc3204bd7f514eeea59aa5b0422e52552de817b821e289510d19039e70,REPOSITORY_PROMPT,automation/numbered/006-mvp-scope-and-architecture-decision-audit.md,,QUARANTINE,NONE,Byte-identical standalone representation; retain hash provenance and never create a competing active set.,canonical prompt decision is represented by implementation-overlay rows,SHA-256 and containing archive manifest,No repository write; remove only task-created extraction after preserving reports.,NO,MAP-PROMPTS-V10.1,READY_FOR_APPROVAL,H0_PREPARATION
markdown-prompts-autonomous-priming-draft-v10.1.zip,automation/numbered/007-design-and-implement-the-durable-database-schema-and-migrations.md,d0fb70cab887c986560e3ca6aedd44574eb69a0b912666b03f6262133487ac0a,REPOSITORY_PROMPT,automation/numbered/007-design-and-implement-the-durable-database-schema-and-migrations.md,,QUARANTINE,NONE,Byte-identical standalone representation; retain hash provenance and never create a competing active set.,canonical prompt decision is represented by implementation-overlay rows,SHA-256 and containing archive manifest,No repository write; remove only task-created extraction after preserving reports.,NO,MAP-PROMPTS-V10.1,READY_FOR_APPROVAL,H0_PREPARATION
markdown-prompts-autonomous-priming-draft-v10.1.zip,automation/numbered/008-implement-durable-repositories-and-transaction-boundaries.md,047cb07632e03b33ec9593d8c866681590655a5dcb1d8f164fc99d161bfc3a00,REPOSITORY_PROMPT,automation/numbered/008-implement-durable-repositories-and-transaction-boundaries.md,,QUARANTINE,NONE,Byte-identical standalone representation; retain hash provenance and never create a competing active set.,canonical prompt decision is represented by implementation-overlay rows,SHA-256 and containing archive manifest,No repository write; remove only task-created extraction after preserving reports.,NO,MAP-PROMPTS-V10.1,READY_FOR_APPROVAL,H0_PREPARATION
markdown-prompts-autonomous-priming-draft-v10.1.zip,automation/numbered/009-implement-immutable-artifact-storage-outbox-workers-and-crash-recovery.md,d0bd03555df577df1d0424db5c8ff882a6cb7b4b7ab926717dc9e64edb033275,REPOSITORY_PROMPT,automation/numbered/009-implement-immutable-artifact-storage-outbox-workers-and-crash-recovery.md,,QUARANTINE,NONE,Byte-identical standalone representation; retain hash provenance and never create a competing active set.,canonical prompt decision is represented by implementation-overlay rows,SHA-256 and containing archive manifest,No repository write; remove only task-created extraction after preserving reports.,NO,MAP-PROMPTS-V10.1,READY_FOR_APPROVAL,H0_PREPARATION
markdown-prompts-autonomous-priming-draft-v10.1.zip,automation/numbered/010-durable-platform-and-persistence-audit.md,e8e8ca59eb9abf3c1c1271ebd312d56905550630e1d5df95bf23d6eceeecad52,REPOSITORY_PROMPT,automation/numbered/010-durable-platform-and-persistence-audit.md,,QUARANTINE,NONE,Byte-identical standalone representation; retain hash provenance and never create a competing active set.,canonical prompt decision is represented by implementation-overlay rows,SHA-256 and containing archive manifest,No repository write; remove only task-created extraction after preserving reports.,NO,MAP-PROMPTS-V10.1,READY_FOR_APPROVAL,H0_PREPARATION
markdown-prompts-autonomous-priming-draft-v10.1.zip,automation/numbered/011-implement-authentication-session-security-and-accesscontext-construction.md,95746a2b094178f6e17686e3c730430030ba00bcad73a8852d1bc7b46d01ec0e,REPOSITORY_PROMPT,automation/numbered/011-implement-authentication-session-security-and-accesscontext-construction.md,,QUARANTINE,NONE,Byte-identical standalone representation; retain hash provenance and never create a competing active set.,canonical prompt decision is represented by implementation-overlay rows,SHA-256 and containing archive manifest,No repository write; remove only task-created extraction after preserving reports.,NO,MAP-PROMPTS-V10.1,READY_FOR_APPROVAL,H0_PREPARATION
markdown-prompts-autonomous-priming-draft-v10.1.zip,automation/numbered/012-implement-customer-account-lifecycle-versioned-configuration-and-onboarding-api.md,fee091816399e8ddf53cb5133940fd3ec94eb008daa2001ee11279323bbf9861,REPOSITORY_PROMPT,automation/numbered/012-implement-customer-account-lifecycle-versioned-configuration-and-onboarding-api.md,,QUARANTINE,NONE,Byte-identical standalone representation; retain hash provenance and never create a competing active set.,canonical prompt decision is represented by implementation-overlay rows,SHA-256 and containing archive manifest,No repository write; remove only task-created extraction after preserving reports.,NO,MAP-PROMPTS-V10.1,READY_FOR_APPROVAL,H0_PREPARATION
markdown-prompts-autonomous-priming-draft-v10.1.zip,automation/numbered/013-identity-authorization-and-customer-isolation-audit.md,b315c2b0b1a7751aa8d8bfc6927c24858f911f0c39cf1f0e0a6f0ba4184b08a8,REPOSITORY_PROMPT,automation/numbered/013-identity-authorization-and-customer-isolation-audit.md,,QUARANTINE,NONE,Byte-identical standalone representation; retain hash provenance and never create a competing active set.,canonical prompt decision is represented by implementation-overlay rows,SHA-256 and containing archive manifest,No repository write; remove only task-created extraction after preserving reports.,NO,MAP-PROMPTS-V10.1,READY_FOR_APPROVAL,H0_PREPARATION
markdown-prompts-autonomous-priming-draft-v10.1.zip,automation/numbered/014-select-and-approve-the-first-tucson-or-pima-county-production-source.md,db2c27a1b04a3708478696340bf3b5b0362997fbae116c2257ed9dea94a91e3a,REPOSITORY_PROMPT,automation/numbered/014-select-and-approve-the-first-tucson-or-pima-county-production-source.md,,QUARANTINE,NONE,Byte-identical standalone representation; retain hash provenance and never create a competing active set.,canonical prompt decision is represented by implementation-overlay rows,SHA-256 and containing archive manifest,No repository write; remove only task-created extraction after preserving reports.,NO,MAP-PROMPTS-V10.1,READY_FOR_APPROVAL,H0_PREPARATION
markdown-prompts-autonomous-priming-draft-v10.1.zip,automation/numbered/015-implement-durable-scheduled-acquisition-and-the-approved-live-connector.md,31231446755b1a1b5ee9eb24c6ac444605b0690b7c3b76a5378801d245af7591,REPOSITORY_PROMPT,automation/numbered/015-implement-durable-scheduled-acquisition-and-the-approved-live-connector.md,,QUARANTINE,NONE,Byte-identical standalone representation; retain hash provenance and never create a competing active set.,canonical prompt decision is represented by implementation-overlay rows,SHA-256 and containing archive manifest,No repository write; remove only task-created extraction after preserving reports.,NO,MAP-PROMPTS-V10.1,READY_FOR_APPROVAL,H0_PREPARATION
markdown-prompts-autonomous-priming-draft-v10.1.zip,automation/numbered/016-implement-the-production-source-parser-replay-and-backfill-contract.md,96853f0ea1d48048fd0da7dc0c4943f87d0916fd9984d49acc1e2425a77041c0,REPOSITORY_PROMPT,automation/numbered/016-implement-the-production-source-parser-replay-and-backfill-contract.md,,QUARANTINE,NONE,Byte-identical standalone representation; retain hash provenance and never create a competing active set.,canonical prompt decision is represented by implementation-overlay rows,SHA-256 and containing archive manifest,No repository write; remove only task-created extraction after preserving reports.,NO,MAP-PROMPTS-V10.1,READY_FOR_APPROVAL,H0_PREPARATION
markdown-prompts-autonomous-priming-draft-v10.1.zip,automation/numbered/017-implement-required-production-geography-and-address-resolution.md,8dc3926808115feee315414e1bf74f9a4ec6b9f04884b622e8945e3498478ba1,REPOSITORY_PROMPT,automation/numbered/017-implement-required-production-geography-and-address-resolution.md,,QUARANTINE,NONE,Byte-identical standalone representation; retain hash provenance and never create a competing active set.,canonical prompt decision is represented by implementation-overlay rows,SHA-256 and containing archive manifest,No repository write; remove only task-created extraction after preserving reports.,NO,MAP-PROMPTS-V10.1,READY_FOR_APPROVAL,H0_PREPARATION
markdown-prompts-autonomous-priming-draft-v10.1.zip,automation/numbered/018-pilot-source-ingestion-normalization-and-geography-audit.md,49536c41bf3186bfa4e70e7df1441e8efb59af8e4749ab8a6b8660c1fadaf635,REPOSITORY_PROMPT,automation/numbered/018-pilot-source-ingestion-normalization-and-geography-audit.md,,QUARANTINE,NONE,Byte-identical standalone representation; retain hash provenance and never create a competing active set.,canonical prompt decision is represented by implementation-overlay rows,SHA-256 and containing archive manifest,No repository write; remove only task-created extraction after preserving reports.,NO,MAP-PROMPTS-V10.1,READY_FOR_APPROVAL,H0_PREPARATION
markdown-prompts-autonomous-priming-draft-v10.1.zip,automation/numbered/019-implement-the-authorized-customer-api-and-query-projections.md,1b9db35ea9a2328baa6c6875ea66cae681690c5f896c74b4835298cb34ad2d7b,REPOSITORY_PROMPT,automation/numbered/019-implement-the-authorized-customer-api-and-query-projections.md,,QUARANTINE,NONE,Byte-identical standalone representation; retain hash provenance and never create a competing active set.,canonical prompt decision is represented by implementation-overlay rows,SHA-256 and containing archive manifest,No repository write; remove only task-created extraction after preserving reports.,NO,MAP-PROMPTS-V10.1,READY_FOR_APPROVAL,H0_PREPARATION
markdown-prompts-autonomous-priming-draft-v10.1.zip,automation/numbered/020-build-the-authenticated-frontend-foundation-and-onboarding-experience.md,cdf66abbc63740f7062194ae18baf9836553e4c6d9dd0be04f7249098a423ec8,REPOSITORY_PROMPT,automation/numbered/020-build-the-authenticated-frontend-foundation-and-onboarding-experience.md,,QUARANTINE,NONE,Byte-identical standalone representation; retain hash provenance and never create a competing active set.,canonical prompt decision is represented by implementation-overlay rows,SHA-256 and containing archive manifest,No repository write; remove only task-created extraction after preserving reports.,NO,MAP-PROMPTS-V10.1,READY_FOR_APPROVAL,H0_PREPARATION
markdown-prompts-autonomous-priming-draft-v10.1.zip,automation/numbered/021-build-the-explainable-opportunity-dashboard-and-lead-workflow.md,4a3695977355009f8383ecbc1b024363b9afeb8e6ef31c8caa3e3bd8f2152207,REPOSITORY_PROMPT,automation/numbered/021-build-the-explainable-opportunity-dashboard-and-lead-workflow.md,,QUARANTINE,NONE,Byte-identical standalone representation; retain hash provenance and never create a competing active set.,canonical prompt decision is represented by implementation-overlay rows,SHA-256 and containing archive manifest,No repository write; remove only task-created extraction after preserving reports.,NO,MAP-PROMPTS-V10.1,READY_FOR_APPROVAL,H0_PREPARATION
markdown-prompts-autonomous-priming-draft-v10.1.zip,automation/numbered/022-customer-api-frontend-and-data-exposure-audit.md,db4ddd373270ba67dc17737e35ed2c6d122a32ce4b87216320461fdc77dfa199,REPOSITORY_PROMPT,automation/numbered/022-customer-api-frontend-and-data-exposure-audit.md,,QUARANTINE,NONE,Byte-identical standalone representation; retain hash provenance and never create a competing active set.,canonical prompt decision is represented by implementation-overlay rows,SHA-256 and containing archive manifest,No repository write; remove only task-created extraction after preserving reports.,NO,MAP-PROMPTS-V10.1,READY_FOR_APPROVAL,H0_PREPARATION
markdown-prompts-autonomous-priming-draft-v10.1.zip,automation/numbered/023-implement-email-notification-orchestration-and-delivery.md,4d91df0a5e20731a3c7d2b31b28b96f282c02d07e90ec6ff0de6ab219dc43bf5,REPOSITORY_PROMPT,automation/numbered/023-implement-email-notification-orchestration-and-delivery.md,,QUARANTINE,NONE,Byte-identical standalone representation; retain hash provenance and never create a competing active set.,canonical prompt decision is represented by implementation-overlay rows,SHA-256 and containing archive manifest,No repository write; remove only task-created extraction after preserving reports.,NO,MAP-PROMPTS-V10.1,READY_FOR_APPROVAL,H0_PREPARATION
markdown-prompts-autonomous-priming-draft-v10.1.zip,automation/numbered/024-email-delivery-audit.md,9d3cb8a6059dd6fc96b0c2ab6b2e93f4b37929b9f8d735174b50851b25d1e97f,REPOSITORY_PROMPT,automation/numbered/024-email-delivery-audit.md,,QUARANTINE,NONE,Byte-identical standalone representation; retain hash provenance and never create a competing active set.,canonical prompt decision is represented by implementation-overlay rows,SHA-256 and containing archive manifest,No repository write; remove only task-created extraction after preserving reports.,NO,MAP-PROMPTS-V10.1,READY_FOR_APPROVAL,H0_PREPARATION
markdown-prompts-autonomous-priming-draft-v10.1.zip,automation/numbered/025-implement-controlled-sms-infrastructure-behind-a-disabled-feature-flag.md,2a5d366104815c0eaa41710f7ebd52fb38b61df2da1bcdee62d95c6dd75fbce8,REPOSITORY_PROMPT,automation/numbered/025-implement-controlled-sms-infrastructure-behind-a-disabled-feature-flag.md,,QUARANTINE,NONE,Byte-identical standalone representation; retain hash provenance and never create a competing active set.,canonical prompt decision is represented by implementation-overlay rows,SHA-256 and containing archive manifest,No repository write; remove only task-created extraction after preserving reports.,NO,MAP-PROMPTS-V10.1,READY_FOR_APPROVAL,H0_PREPARATION
markdown-prompts-autonomous-priming-draft-v10.1.zip,automation/numbered/026-build-internal-review-and-source-operations-tooling.md,6a09e0dc3ead6a9581e6f317cc47b72de8a60bb2159a658cd8ce245668ff40cf,REPOSITORY_PROMPT,automation/numbered/026-build-internal-review-and-source-operations-tooling.md,,QUARANTINE,NONE,Byte-identical standalone representation; retain hash provenance and never create a competing active set.,canonical prompt decision is represented by implementation-overlay rows,SHA-256 and containing archive manifest,No repository write; remove only task-created extraction after preserving reports.,NO,MAP-PROMPTS-V10.1,READY_FOR_APPROVAL,H0_PREPARATION
markdown-prompts-autonomous-priming-draft-v10.1.zip,automation/numbered/027-notification-sms-and-operations-audit.md,19c387d50bf020fedee7d5be7b000494391caefc4683678c536b00d36ecdf1ec,REPOSITORY_PROMPT,automation/numbered/027-notification-sms-and-operations-audit.md,,QUARANTINE,NONE,Byte-identical standalone representation; retain hash provenance and never create a competing active set.,canonical prompt decision is represented by implementation-overlay rows,SHA-256 and containing archive manifest,No repository write; remove only task-created extraction after preserving reports.,NO,MAP-PROMPTS-V10.1,READY_FOR_APPROVAL,H0_PREPARATION
markdown-prompts-autonomous-priming-draft-v10.1.zip,automation/numbered/028-implement-the-privacy-conscious-analytics-event-model.md,895536ac620ed56be0ae0a0899641b17eb15fbc2e2c0888d2cf7968444e5e82e,REPOSITORY_PROMPT,automation/numbered/028-implement-the-privacy-conscious-analytics-event-model.md,,QUARANTINE,NONE,Byte-identical standalone representation; retain hash provenance and never create a competing active set.,canonical prompt decision is represented by implementation-overlay rows,SHA-256 and containing archive manifest,No repository write; remove only task-created extraction after preserving reports.,NO,MAP-PROMPTS-V10.1,READY_FOR_APPROVAL,H0_PREPARATION
markdown-prompts-autonomous-priming-draft-v10.1.zip,automation/numbered/029-implement-observability-health-alerting-and-operational-runbooks.md,8fde5fb2512dc57fadd5f3c43df0020871a6b6befeba3aa12580c31a9a70b8c3,REPOSITORY_PROMPT,automation/numbered/029-implement-observability-health-alerting-and-operational-runbooks.md,,QUARANTINE,NONE,Byte-identical standalone representation; retain hash provenance and never create a competing active set.,canonical prompt decision is represented by implementation-overlay rows,SHA-256 and containing archive manifest,No repository write; remove only task-created extraction after preserving reports.,NO,MAP-PROMPTS-V10.1,READY_FOR_APPROVAL,H0_PREPARATION
markdown-prompts-autonomous-priming-draft-v10.1.zip,automation/numbered/030-implement-backup-restore-reconciliation-and-rollback-procedures.md,dd93323069eaa83a7e6a158c5b00b94b191071c373d7e05c53ea82797a66a663,REPOSITORY_PROMPT,automation/numbered/030-implement-backup-restore-reconciliation-and-rollback-procedures.md,,QUARANTINE,NONE,Byte-identical standalone representation; retain hash provenance and never create a competing active set.,canonical prompt decision is represented by implementation-overlay rows,SHA-256 and containing archive manifest,No repository write; remove only task-created extraction after preserving reports.,NO,MAP-PROMPTS-V10.1,READY_FOR_APPROVAL,H0_PREPARATION
markdown-prompts-autonomous-priming-draft-v10.1.zip,automation/numbered/031-security-privacy-performance-and-recovery-hardening-audit.md,28a3f062d174f3765ec7aba73d28db1210702822605cf088ec43a05dc044744a,REPOSITORY_PROMPT,automation/numbered/031-perform-security-privacy-performance-and-recovery-hardening.md,,QUARANTINE,NONE,Byte-identical standalone representation; retain hash provenance and never create a competing active set.,canonical prompt decision is represented by implementation-overlay rows,SHA-256 and containing archive manifest,No repository write; remove only task-created extraction after preserving reports.,NO,MAP-PROMPTS-V10.1,READY_FOR_APPROVAL,H0_PREPARATION
markdown-prompts-autonomous-priming-draft-v10.1.zip,automation/numbered/032-formal-pilot-release-test-matrix-and-release-gate-audit.md,2f079609caf1b0ecb56dd77f76869f83d02ebe4d086e05e16d8acc98f95e10b1,REPOSITORY_PROMPT,automation/numbered/032-formal-pilot-release-test-matrix-and-release-gate-audit.md,,QUARANTINE,NONE,Byte-identical standalone representation; retain hash provenance and never create a competing active set.,canonical prompt decision is represented by implementation-overlay rows,SHA-256 and containing archive manifest,No repository write; remove only task-created extraction after preserving reports.,NO,MAP-PROMPTS-V10.1,READY_FOR_APPROVAL,H0_PREPARATION
markdown-prompts-autonomous-priming-draft-v10.1.zip,automation/numbered/033-prepare-controlled-staging-deployment-plan.md,92189befa61c3e59c9e68bd12c549211a5a061f0d5ac315027766ee4b5e4ada4,REPOSITORY_PROMPT,automation/numbered/033-prepare-and-execute-the-controlled-staging-deployment.md,,QUARANTINE,NONE,Byte-identical standalone representation; retain hash provenance and never create a competing active set.,canonical prompt decision is represented by implementation-overlay rows,SHA-256 and containing archive manifest,No repository write; remove only task-created extraction after preserving reports.,NO,MAP-PROMPTS-V10.1,READY_FOR_APPROVAL,H0_PREPARATION
markdown-prompts-autonomous-priming-draft-v10.1.zip,automation/numbered/034-final-staging-and-pilot-readiness-audit.md,9ee1cbee4193a636d001eace9c40ecf8cc7a62e8c8e0b682ab4669175779224a,REPOSITORY_PROMPT,automation/numbered/034-final-staging-and-pilot-readiness-audit.md,,QUARANTINE,NONE,Byte-identical standalone representation; retain hash provenance and never create a competing active set.,canonical prompt decision is represented by implementation-overlay rows,SHA-256 and containing archive manifest,No repository write; remove only task-created extraction after preserving reports.,NO,MAP-PROMPTS-V10.1,READY_FOR_APPROVAL,H0_PREPARATION
markdown-prompts-autonomous-priming-draft-v10.1.zip,automation/numbered/035-prepare-controlled-production-pilot-release-plan.md,6f8e96e60181f88d9778f866bd988d29b8251ee417269282745500e190ccc5f8,REPOSITORY_PROMPT,automation/numbered/035-deploy-the-controlled-production-pilot.md,,QUARANTINE,NONE,Byte-identical standalone representation; retain hash provenance and never create a competing active set.,canonical prompt decision is represented by implementation-overlay rows,SHA-256 and containing archive manifest,No repository write; remove only task-created extraction after preserving reports.,NO,MAP-PROMPTS-V10.1,READY_FOR_APPROVAL,H0_PREPARATION
markdown-prompts-autonomous-priming-draft-v10.1.zip,automation/numbered/036-production-pilot-launch-verification-audit.md,f2303ef12a52c27b18ee90ba6400c7c96f6c0dc0a5d8201e85e3d00732c6ef50,REPOSITORY_PROMPT,automation/numbered/036-production-pilot-launch-verification-audit.md,,QUARANTINE,NONE,Byte-identical standalone representation; retain hash provenance and never create a competing active set.,canonical prompt decision is represented by implementation-overlay rows,SHA-256 and containing archive manifest,No repository write; remove only task-created extraction after preserving reports.,NO,MAP-PROMPTS-V10.1,READY_FOR_APPROVAL,H0_PREPARATION
markdown-prompts-autonomous-priming-draft-v10.1.zip,automation/numbered/037-implement-pilot-feedback-and-business-validation-workflow.md,e8959d40f023d37b568afb93792119314f62221e07424b4d3707adcafbc851e8,REPOSITORY_PROMPT,automation/numbered/037-implement-pilot-feedback-and-business-validation-workflow.md,,QUARANTINE,NONE,Byte-identical standalone representation; retain hash provenance and never create a competing active set.,canonical prompt decision is represented by implementation-overlay rows,SHA-256 and containing archive manifest,No repository write; remove only task-created extraction after preserving reports.,NO,MAP-PROMPTS-V10.1,READY_FOR_APPROVAL,H0_PREPARATION
markdown-prompts-autonomous-priming-draft-v10.1.zip,automation/numbered/038-pilot-feedback-and-business-validation-audit.md,d8c416f7bd450f7827a3f1e88322ff3f62d640ab7e82bda90ee3d3739e96767d,REPOSITORY_PROMPT,automation/numbered/038-pilot-feedback-and-business-validation-audit.md,,QUARANTINE,NONE,Byte-identical standalone representation; retain hash provenance and never create a competing active set.,canonical prompt decision is represented by implementation-overlay rows,SHA-256 and containing archive manifest,No repository write; remove only task-created extraction after preserving reports.,NO,MAP-PROMPTS-V10.1,READY_FOR_APPROVAL,H0_PREPARATION
CURRENT_REPOSITORY,AGENTS.md,26d2e9ce4a122cb8df2e037e1c19e1c1920a9c87206dee46d48a5fab99f649cc,REPOSITORY_DOCUMENTATION,AGENTS.md,AGENTS.md,KEEP_CURRENT,NONE,Keep the repository controller boundary byte-exact and dormant during integration.,ADR-0009; transition contract single-writer gates,tracked SHA-256 preserved; no staged diff,No change was applied.,NO,MAP-REPOSITORY-CONTROLLER,READY_FOR_APPROVAL,H0_PREPARATION
CURRENT_REPOSITORY,AUTONOMOUS_LOOP_INSTALL.md,f57eb53cada17102eb2bfe2b89f55619c6f9d894e4978145721fe449bc766e49,REPOSITORY_DOCUMENTATION,AUTONOMOUS_LOOP_INSTALL.md,AUTONOMOUS_LOOP_INSTALL.md,MERGE,NONE,Add the staged-hybrid dormant-transition notice without activating either controller.,ADR-0009; transition contract,post-merge generated-row SHA-256; documentation check; no controller execution,Restore the exact pre-preparation bytes from the approved base commit.,NO,MAP-PREPARATION-DOCUMENTATION,READY_FOR_APPROVAL,H0_PREPARATION
CURRENT_REPOSITORY,BUNDLE_MANIFEST.txt,e7c7e1dc527bf97f3ef4ea195c6123fa618156f485736d9c5335e43cdd399b8d,REPOSITORY_APPLICATION_CODE,BUNDLE_MANIFEST.txt,docs/delivery-provenance/v10.1/pre-v10.1-controller/BUNDLE_MANIFEST.txt,MOVE,NONE,"Archive the pre-v10.1 controller manifest or setup guide because its hashes, prompt names, or roadmap commands will no longer describe the approved mapping.",selected prompt generation; repository controller remains dormant; replacement documentation review,tracked SHA-256 preserved; no staged diff,No change was applied.,YES,MAP-STALE-CONTROLLER-REFERENCES,READY_FOR_APPROVAL,H1_REPOSITORY_INTEGRATION
CURRENT_REPOSITORY,automation/appendices/appendix-a-audit-correction-prompt.md,7dc164d3a2a1f2c96dd59ff230cf6cc603327b51fdffaf86ecc132278234c365,REPOSITORY_PROMPT,automation/appendices/appendix-a-audit-correction-prompt.md,automation/appendices/appendix-a-audit-correction-prompt.md,REPLACE,NONE,Replace the current prompt with the selected same-path v10.1 donor after whole-mapping approval.,explicit human controller/prompt/policy/layout decision,tracked SHA-256 preserved; no staged diff,No change was applied.,YES,MAP-PROMPTS-V10.1,READY_FOR_APPROVAL,H1_REPOSITORY_INTEGRATION
CURRENT_REPOSITORY,automation/appendices/appendix-b-optional-controlled-sms-canary-enablement-prompt.md,f3857f940b4eec4e8c85486d9aadfef4bb09a7ea4175181ec992f35fd44a7993,REPOSITORY_PROMPT,automation/appendices/appendix-b-optional-controlled-sms-canary-enablement-prompt.md,automation/appendices/appendix-b-optional-controlled-sms-canary-enablement-prompt.md,REPLACE,NONE,Replace the current prompt with the selected same-path v10.1 donor after whole-mapping approval.,explicit human controller/prompt/policy/layout decision,tracked SHA-256 preserved; no staged diff,No change was applied.,YES,MAP-PROMPTS-V10.1,READY_FOR_APPROVAL,H1_REPOSITORY_INTEGRATION
CURRENT_REPOSITORY,automation/appendices/appendix-c-optional-controlled-sms-canary-activation-audit.md,384c81e9110dd44f283af31d4c3f0476410776af866ceb90d3202bba34ca75d2,REPOSITORY_PROMPT,automation/appendices/appendix-c-optional-controlled-sms-canary-activation-audit.md,automation/appendices/appendix-c-optional-controlled-sms-canary-activation-audit.md,REPLACE,NONE,Replace the current prompt with the selected same-path v10.1 donor after whole-mapping approval.,explicit human controller/prompt/policy/layout decision,tracked SHA-256 preserved; no staged diff,No change was applied.,YES,MAP-PROMPTS-V10.1,READY_FOR_APPROVAL,H1_REPOSITORY_INTEGRATION
CURRENT_REPOSITORY,automation/controller.config.json,8f98415e2b6a7cc4400d853a9628b615decef25b369bf82b301d3764bb5c97b2,REPOSITORY_AUTOMATION,automation/controller.config.json,automation/controller.config.json,KEEP_CURRENT,NONE,Keep the repository controller boundary byte-exact and dormant during integration.,ADR-0009; transition contract single-writer gates,tracked SHA-256 preserved; no staged diff,No change was applied.,NO,MAP-REPOSITORY-CONTROLLER,READY_FOR_APPROVAL,H0_PREPARATION
CURRENT_REPOSITORY,automation/controller.py,6d5d26fa9f29700e6f1ebc3b89069b0f6e6ad417412f913b7dfded4ba216a2d5,REPOSITORY_CONTROLLER,automation/controller.py,automation/controller.py,KEEP_CURRENT,NONE,Keep the repository controller boundary byte-exact and dormant during integration.,ADR-0009; transition contract single-writer gates,tracked SHA-256 preserved; no staged diff,No change was applied.,NO,MAP-REPOSITORY-CONTROLLER,READY_FOR_APPROVAL,H0_PREPARATION
CURRENT_REPOSITORY,automation/numbered/001-close-the-post-core-traceability-release-gate.md,04e1015510be38d50af878ae14d03bb11bacb76642b54254001a5536fb22c1a1,REPOSITORY_PROMPT,automation/numbered/001-close-the-post-core-traceability-release-gate.md,automation/numbered/001-close-the-post-core-traceability-release-gate.md,REPLACE,NONE,Replace the current prompt with the selected same-path v10.1 donor after whole-mapping approval.,explicit human controller/prompt/policy/layout decision,tracked SHA-256 preserved; no staged diff,No change was applied.,YES,MAP-PROMPTS-V10.1,READY_FOR_APPROVAL,H1_REPOSITORY_INTEGRATION
CURRENT_REPOSITORY,automation/numbered/002-post-core-traceability-corrective-audit.md,ed483516aae77854b22390132b1426ab22a51b0134b6924d1b18e4a2c54a13ee,REPOSITORY_PROMPT,automation/numbered/002-post-core-traceability-corrective-audit.md,automation/numbered/002-post-core-traceability-corrective-audit.md,REPLACE,NONE,Replace the current prompt with the selected same-path v10.1 donor after whole-mapping approval.,explicit human controller/prompt/policy/layout decision,tracked SHA-256 preserved; no staged diff,No change was applied.,YES,MAP-PROMPTS-V10.1,READY_FOR_APPROVAL,H1_REPOSITORY_INTEGRATION
CURRENT_REPOSITORY,automation/numbered/003-define-and-govern-the-narrow-pilot-scope.md,648154133265bd0e5269d2697eec633a5342828bac275db44bc5c6ca110c191d,REPOSITORY_PROMPT,automation/numbered/003-define-and-govern-the-narrow-pilot-scope.md,automation/numbered/003-define-and-govern-the-narrow-pilot-scope.md,REPLACE,NONE,Replace the current prompt with the selected same-path v10.1 donor after whole-mapping approval.,explicit human controller/prompt/policy/layout decision,tracked SHA-256 preserved; no staged diff,No change was applied.,YES,MAP-PROMPTS-V10.1,READY_FOR_APPROVAL,H1_REPOSITORY_INTEGRATION
CURRENT_REPOSITORY,automation/numbered/004-select-and-govern-the-production-application-stack.md,7590f1b571bb873c95ef6864f04b5ae148a190885495176e4ffd4c0c84c98f5b,REPOSITORY_PROMPT,automation/numbered/004-select-and-govern-the-production-application-stack.md,automation/numbered/004-select-and-govern-the-production-application-stack.md,REPLACE,NONE,Replace the current prompt with the selected same-path v10.1 donor after whole-mapping approval.,explicit human controller/prompt/policy/layout decision,tracked SHA-256 preserved; no staged diff,No change was applied.,YES,MAP-PROMPTS-V10.1,READY_FOR_APPROVAL,H1_REPOSITORY_INTEGRATION
CURRENT_REPOSITORY,automation/numbered/005-bootstrap-the-production-application-shell-and-engineering-baseline.md,734d3007a87d10b541eb6df21615e297e3635cb53c175b778e3b60bc459763f1,REPOSITORY_PROMPT,automation/numbered/005-bootstrap-the-production-application-shell-and-engineering-baseline.md,automation/numbered/005-bootstrap-the-production-application-shell-and-engineering-baseline.md,REPLACE,NONE,Replace the current prompt with the selected same-path v10.1 donor after whole-mapping approval.,explicit human controller/prompt/policy/layout decision,tracked SHA-256 preserved; no staged diff,No change was applied.,YES,MAP-PROMPTS-V10.1,READY_FOR_APPROVAL,H1_REPOSITORY_INTEGRATION
CURRENT_REPOSITORY,automation/numbered/006-mvp-scope-and-architecture-decision-audit.md,f8707af42ac588df372856451a4c199a0d1ac3183d023851496905c9372587e3,REPOSITORY_PROMPT,automation/numbered/006-mvp-scope-and-architecture-decision-audit.md,automation/numbered/006-mvp-scope-and-architecture-decision-audit.md,REPLACE,NONE,Replace the current prompt with the selected same-path v10.1 donor after whole-mapping approval.,explicit human controller/prompt/policy/layout decision,tracked SHA-256 preserved; no staged diff,No change was applied.,YES,MAP-PROMPTS-V10.1,READY_FOR_APPROVAL,H1_REPOSITORY_INTEGRATION
CURRENT_REPOSITORY,automation/numbered/007-design-and-implement-the-durable-database-schema-and-migrations.md,dde7172876875a853dd746a00ffb9917e2182436608a57ec8c5c9afb7b195f14,REPOSITORY_PROMPT,automation/numbered/007-design-and-implement-the-durable-database-schema-and-migrations.md,automation/numbered/007-design-and-implement-the-durable-database-schema-and-migrations.md,REPLACE,NONE,Replace the current prompt with the selected same-path v10.1 donor after whole-mapping approval.,explicit human controller/prompt/policy/layout decision,tracked SHA-256 preserved; no staged diff,No change was applied.,YES,MAP-PROMPTS-V10.1,READY_FOR_APPROVAL,H1_REPOSITORY_INTEGRATION
CURRENT_REPOSITORY,automation/numbered/008-implement-durable-repositories-and-transaction-boundaries.md,d637b565c3757664d7e4dbb7a9b7661654602bc5df137369210adddc94faabb8,REPOSITORY_PROMPT,automation/numbered/008-implement-durable-repositories-and-transaction-boundaries.md,automation/numbered/008-implement-durable-repositories-and-transaction-boundaries.md,REPLACE,NONE,Replace the current prompt with the selected same-path v10.1 donor after whole-mapping approval.,explicit human controller/prompt/policy/layout decision,tracked SHA-256 preserved; no staged diff,No change was applied.,YES,MAP-PROMPTS-V10.1,READY_FOR_APPROVAL,H1_REPOSITORY_INTEGRATION
CURRENT_REPOSITORY,automation/numbered/009-implement-immutable-artifact-storage-outbox-workers-and-crash-recovery.md,93e6d203c64d440b9f5aa51c8c52b6f1cf17acbdc33eec8765cfac293ac7e0b4,REPOSITORY_PROMPT,automation/numbered/009-implement-immutable-artifact-storage-outbox-workers-and-crash-recovery.md,automation/numbered/009-implement-immutable-artifact-storage-outbox-workers-and-crash-recovery.md,REPLACE,NONE,Replace the current prompt with the selected same-path v10.1 donor after whole-mapping approval.,explicit human controller/prompt/policy/layout decision,tracked SHA-256 preserved; no staged diff,No change was applied.,YES,MAP-PROMPTS-V10.1,READY_FOR_APPROVAL,H1_REPOSITORY_INTEGRATION
CURRENT_REPOSITORY,automation/numbered/010-durable-platform-and-persistence-audit.md,b7bcb7529885ff26ce6661705d07d9efc3e34648e95283872b2d29237ea39faa,REPOSITORY_PROMPT,automation/numbered/010-durable-platform-and-persistence-audit.md,automation/numbered/010-durable-platform-and-persistence-audit.md,REPLACE,NONE,Replace the current prompt with the selected same-path v10.1 donor after whole-mapping approval.,explicit human controller/prompt/policy/layout decision,tracked SHA-256 preserved; no staged diff,No change was applied.,YES,MAP-PROMPTS-V10.1,READY_FOR_APPROVAL,H1_REPOSITORY_INTEGRATION
CURRENT_REPOSITORY,automation/numbered/011-implement-authentication-session-security-and-accesscontext-construction.md,cd859237f57cc5563882d76697e8f837f08e4c8639f5b1233064115eda50ae14,REPOSITORY_PROMPT,automation/numbered/011-implement-authentication-session-security-and-accesscontext-construction.md,automation/numbered/011-implement-authentication-session-security-and-accesscontext-construction.md,REPLACE,NONE,Replace the current prompt with the selected same-path v10.1 donor after whole-mapping approval.,explicit human controller/prompt/policy/layout decision,tracked SHA-256 preserved; no staged diff,No change was applied.,YES,MAP-PROMPTS-V10.1,READY_FOR_APPROVAL,H1_REPOSITORY_INTEGRATION
CURRENT_REPOSITORY,automation/numbered/012-implement-customer-account-lifecycle-versioned-configuration-and-onboarding-api.md,f0783c1470cf99640e000adb2598573618894a7972653cc0cef8e208665449ad,REPOSITORY_PROMPT,automation/numbered/012-implement-customer-account-lifecycle-versioned-configuration-and-onboarding-api.md,automation/numbered/012-implement-customer-account-lifecycle-versioned-configuration-and-onboarding-api.md,REPLACE,NONE,Replace the current prompt with the selected same-path v10.1 donor after whole-mapping approval.,explicit human controller/prompt/policy/layout decision,tracked SHA-256 preserved; no staged diff,No change was applied.,YES,MAP-PROMPTS-V10.1,READY_FOR_APPROVAL,H1_REPOSITORY_INTEGRATION
CURRENT_REPOSITORY,automation/numbered/013-identity-authorization-and-customer-isolation-audit.md,8402f6c192b786a2015a2e40ace2c70cc9a4f7f1fbfe36cd545798d038575f15,REPOSITORY_PROMPT,automation/numbered/013-identity-authorization-and-customer-isolation-audit.md,automation/numbered/013-identity-authorization-and-customer-isolation-audit.md,REPLACE,NONE,Replace the current prompt with the selected same-path v10.1 donor after whole-mapping approval.,explicit human controller/prompt/policy/layout decision,tracked SHA-256 preserved; no staged diff,No change was applied.,YES,MAP-PROMPTS-V10.1,READY_FOR_APPROVAL,H1_REPOSITORY_INTEGRATION
CURRENT_REPOSITORY,automation/numbered/014-select-and-approve-the-first-tucson-or-pima-county-production-source.md,10b049b2ee87be725f26d920a19662aa153c8580120fcaec104593e1fcbe577a,REPOSITORY_PROMPT,automation/numbered/014-select-and-approve-the-first-tucson-or-pima-county-production-source.md,automation/numbered/014-select-and-approve-the-first-tucson-or-pima-county-production-source.md,REPLACE,NONE,Replace the current prompt with the selected same-path v10.1 donor after whole-mapping approval.,explicit human controller/prompt/policy/layout decision,tracked SHA-256 preserved; no staged diff,No change was applied.,YES,MAP-PROMPTS-V10.1,READY_FOR_APPROVAL,H1_REPOSITORY_INTEGRATION
CURRENT_REPOSITORY,automation/numbered/015-implement-durable-scheduled-acquisition-and-the-approved-live-connector.md,8c43003f91ea3c6128693422d6c09fa55e3b2ec1fb218af971dceb32883e54a2,REPOSITORY_PROMPT,automation/numbered/015-implement-durable-scheduled-acquisition-and-the-approved-live-connector.md,automation/numbered/015-implement-durable-scheduled-acquisition-and-the-approved-live-connector.md,REPLACE,NONE,Replace the current prompt with the selected same-path v10.1 donor after whole-mapping approval.,explicit human controller/prompt/policy/layout decision,tracked SHA-256 preserved; no staged diff,No change was applied.,YES,MAP-PROMPTS-V10.1,READY_FOR_APPROVAL,H1_REPOSITORY_INTEGRATION
CURRENT_REPOSITORY,automation/numbered/016-implement-the-production-source-parser-replay-and-backfill-contract.md,58d9063bcae2016cdc9e8e948513e938b1b7a2aeb3491b479e470b8d947fd6b1,REPOSITORY_PROMPT,automation/numbered/016-implement-the-production-source-parser-replay-and-backfill-contract.md,automation/numbered/016-implement-the-production-source-parser-replay-and-backfill-contract.md,REPLACE,NONE,Replace the current prompt with the selected same-path v10.1 donor after whole-mapping approval.,explicit human controller/prompt/policy/layout decision,tracked SHA-256 preserved; no staged diff,No change was applied.,YES,MAP-PROMPTS-V10.1,READY_FOR_APPROVAL,H1_REPOSITORY_INTEGRATION
CURRENT_REPOSITORY,automation/numbered/017-implement-required-production-geography-and-address-resolution.md,16b9769b7a141a4b110fbe09d04d48df7c81709da99524718f8afd7cda00e108,REPOSITORY_PROMPT,automation/numbered/017-implement-required-production-geography-and-address-resolution.md,automation/numbered/017-implement-required-production-geography-and-address-resolution.md,REPLACE,NONE,Replace the current prompt with the selected same-path v10.1 donor after whole-mapping approval.,explicit human controller/prompt/policy/layout decision,tracked SHA-256 preserved; no staged diff,No change was applied.,YES,MAP-PROMPTS-V10.1,READY_FOR_APPROVAL,H1_REPOSITORY_INTEGRATION
CURRENT_REPOSITORY,automation/numbered/018-pilot-source-ingestion-normalization-and-geography-audit.md,d2d362064071ab97c1e37aaaa5e9f084577e853096e6cec3204dbeecd6c39f3a,REPOSITORY_PROMPT,automation/numbered/018-pilot-source-ingestion-normalization-and-geography-audit.md,automation/numbered/018-pilot-source-ingestion-normalization-and-geography-audit.md,REPLACE,NONE,Replace the current prompt with the selected same-path v10.1 donor after whole-mapping approval.,explicit human controller/prompt/policy/layout decision,tracked SHA-256 preserved; no staged diff,No change was applied.,YES,MAP-PROMPTS-V10.1,READY_FOR_APPROVAL,H1_REPOSITORY_INTEGRATION
CURRENT_REPOSITORY,automation/numbered/019-implement-the-authorized-customer-api-and-query-projections.md,b6b50a2e0ff79bd5e2b6d8fb3102df94268f36a0ac7be70de4e64a1e7f4dfb3e,REPOSITORY_PROMPT,automation/numbered/019-implement-the-authorized-customer-api-and-query-projections.md,automation/numbered/019-implement-the-authorized-customer-api-and-query-projections.md,REPLACE,NONE,Replace the current prompt with the selected same-path v10.1 donor after whole-mapping approval.,explicit human controller/prompt/policy/layout decision,tracked SHA-256 preserved; no staged diff,No change was applied.,YES,MAP-PROMPTS-V10.1,READY_FOR_APPROVAL,H1_REPOSITORY_INTEGRATION
CURRENT_REPOSITORY,automation/numbered/020-build-the-authenticated-frontend-foundation-and-onboarding-experience.md,9c737597d68820cc9e807ad36969af440ad0e610b339859a88539da4858a9a4a,REPOSITORY_PROMPT,automation/numbered/020-build-the-authenticated-frontend-foundation-and-onboarding-experience.md,automation/numbered/020-build-the-authenticated-frontend-foundation-and-onboarding-experience.md,REPLACE,NONE,Replace the current prompt with the selected same-path v10.1 donor after whole-mapping approval.,explicit human controller/prompt/policy/layout decision,tracked SHA-256 preserved; no staged diff,No change was applied.,YES,MAP-PROMPTS-V10.1,READY_FOR_APPROVAL,H1_REPOSITORY_INTEGRATION
CURRENT_REPOSITORY,automation/numbered/021-build-the-explainable-opportunity-dashboard-and-lead-workflow.md,0630b48a643b51836fcff530c656ef6cc4767030e005252bb10240764682aa8d,REPOSITORY_PROMPT,automation/numbered/021-build-the-explainable-opportunity-dashboard-and-lead-workflow.md,automation/numbered/021-build-the-explainable-opportunity-dashboard-and-lead-workflow.md,REPLACE,NONE,Replace the current prompt with the selected same-path v10.1 donor after whole-mapping approval.,explicit human controller/prompt/policy/layout decision,tracked SHA-256 preserved; no staged diff,No change was applied.,YES,MAP-PROMPTS-V10.1,READY_FOR_APPROVAL,H1_REPOSITORY_INTEGRATION
CURRENT_REPOSITORY,automation/numbered/022-customer-api-frontend-and-data-exposure-audit.md,e856477be476a8e30eed400902cb8ddd0839fa65a9aca6d85ce5cc69b9313495,REPOSITORY_PROMPT,automation/numbered/022-customer-api-frontend-and-data-exposure-audit.md,automation/numbered/022-customer-api-frontend-and-data-exposure-audit.md,REPLACE,NONE,Replace the current prompt with the selected same-path v10.1 donor after whole-mapping approval.,explicit human controller/prompt/policy/layout decision,tracked SHA-256 preserved; no staged diff,No change was applied.,YES,MAP-PROMPTS-V10.1,READY_FOR_APPROVAL,H1_REPOSITORY_INTEGRATION
CURRENT_REPOSITORY,automation/numbered/023-implement-email-notification-orchestration-and-delivery.md,fd492354e1e903e38bd036e956dbb09d422beab6f16dfaa2faa9fd986a77e2f7,REPOSITORY_PROMPT,automation/numbered/023-implement-email-notification-orchestration-and-delivery.md,automation/numbered/023-implement-email-notification-orchestration-and-delivery.md,REPLACE,NONE,Replace the current prompt with the selected same-path v10.1 donor after whole-mapping approval.,explicit human controller/prompt/policy/layout decision,tracked SHA-256 preserved; no staged diff,No change was applied.,YES,MAP-PROMPTS-V10.1,READY_FOR_APPROVAL,H1_REPOSITORY_INTEGRATION
CURRENT_REPOSITORY,automation/numbered/024-email-delivery-audit.md,0685d9a1a2814d16ed1b5fd3d20312bc5c20d1efc10c231415c2449c2b09b6fe,REPOSITORY_PROMPT,automation/numbered/024-email-delivery-audit.md,automation/numbered/024-email-delivery-audit.md,REPLACE,NONE,Replace the current prompt with the selected same-path v10.1 donor after whole-mapping approval.,explicit human controller/prompt/policy/layout decision,tracked SHA-256 preserved; no staged diff,No change was applied.,YES,MAP-PROMPTS-V10.1,READY_FOR_APPROVAL,H1_REPOSITORY_INTEGRATION
CURRENT_REPOSITORY,automation/numbered/025-implement-controlled-sms-infrastructure-behind-a-disabled-feature-flag.md,788b409ede2366c5907966e1c84929d01cf8adfc6046014a2db898302d351873,REPOSITORY_PROMPT,automation/numbered/025-implement-controlled-sms-infrastructure-behind-a-disabled-feature-flag.md,automation/numbered/025-implement-controlled-sms-infrastructure-behind-a-disabled-feature-flag.md,REPLACE,NONE,Replace the current prompt with the selected same-path v10.1 donor after whole-mapping approval.,explicit human controller/prompt/policy/layout decision,tracked SHA-256 preserved; no staged diff,No change was applied.,YES,MAP-PROMPTS-V10.1,READY_FOR_APPROVAL,H1_REPOSITORY_INTEGRATION
CURRENT_REPOSITORY,automation/numbered/026-build-internal-review-and-source-operations-tooling.md,a57911b79dc60a150fa3c950f295e5a1c87675bfdcfd317ff3d126f12d4b7eea,REPOSITORY_PROMPT,automation/numbered/026-build-internal-review-and-source-operations-tooling.md,automation/numbered/026-build-internal-review-and-source-operations-tooling.md,REPLACE,NONE,Replace the current prompt with the selected same-path v10.1 donor after whole-mapping approval.,explicit human controller/prompt/policy/layout decision,tracked SHA-256 preserved; no staged diff,No change was applied.,YES,MAP-PROMPTS-V10.1,READY_FOR_APPROVAL,H1_REPOSITORY_INTEGRATION
CURRENT_REPOSITORY,automation/numbered/027-notification-sms-and-operations-audit.md,a5704946d9a2d4e40ad84b755ff1154d1e24f057ac18ae7f916c196b563a421d,REPOSITORY_PROMPT,automation/numbered/027-notification-sms-and-operations-audit.md,automation/numbered/027-notification-sms-and-operations-audit.md,REPLACE,NONE,Replace the current prompt with the selected same-path v10.1 donor after whole-mapping approval.,explicit human controller/prompt/policy/layout decision,tracked SHA-256 preserved; no staged diff,No change was applied.,YES,MAP-PROMPTS-V10.1,READY_FOR_APPROVAL,H1_REPOSITORY_INTEGRATION
CURRENT_REPOSITORY,automation/numbered/028-implement-the-privacy-conscious-analytics-event-model.md,e5ca6a0ba0c0758e5bdc3e706a66cd27c815db0dc3310e22154dfd58b81a2d0b,REPOSITORY_PROMPT,automation/numbered/028-implement-the-privacy-conscious-analytics-event-model.md,automation/numbered/028-implement-the-privacy-conscious-analytics-event-model.md,REPLACE,NONE,Replace the current prompt with the selected same-path v10.1 donor after whole-mapping approval.,explicit human controller/prompt/policy/layout decision,tracked SHA-256 preserved; no staged diff,No change was applied.,YES,MAP-PROMPTS-V10.1,READY_FOR_APPROVAL,H1_REPOSITORY_INTEGRATION
CURRENT_REPOSITORY,automation/numbered/029-implement-observability-health-alerting-and-operational-runbooks.md,1ee2a6c35a618af1a581af5b3ab0f55dbfa98ec989d742e0ba12660df1ffb62b,REPOSITORY_PROMPT,automation/numbered/029-implement-observability-health-alerting-and-operational-runbooks.md,automation/numbered/029-implement-observability-health-alerting-and-operational-runbooks.md,REPLACE,NONE,Replace the current prompt with the selected same-path v10.1 donor after whole-mapping approval.,explicit human controller/prompt/policy/layout decision,tracked SHA-256 preserved; no staged diff,No change was applied.,YES,MAP-PROMPTS-V10.1,READY_FOR_APPROVAL,H1_REPOSITORY_INTEGRATION
CURRENT_REPOSITORY,automation/numbered/030-implement-backup-restore-reconciliation-and-rollback-procedures.md,a5e630bdcba239666ca45d01aa380f29ab2af39f2d628bebb4d6d9e38e4f99ea,REPOSITORY_PROMPT,automation/numbered/030-implement-backup-restore-reconciliation-and-rollback-procedures.md,automation/numbered/030-implement-backup-restore-reconciliation-and-rollback-procedures.md,REPLACE,NONE,Replace the current prompt with the selected same-path v10.1 donor after whole-mapping approval.,explicit human controller/prompt/policy/layout decision,tracked SHA-256 preserved; no staged diff,No change was applied.,YES,MAP-PROMPTS-V10.1,READY_FOR_APPROVAL,H1_REPOSITORY_INTEGRATION
CURRENT_REPOSITORY,automation/numbered/031-perform-security-privacy-performance-and-recovery-hardening.md,b605c04cfa99081ea8f53fe0814fd3a02542b4f3a34e41ed9b196f9e35635914,REPOSITORY_PROMPT,automation/numbered/031-perform-security-privacy-performance-and-recovery-hardening.md,docs/delivery-provenance/v10.1/pre-v10.1-controller/automation/numbered/031-perform-security-privacy-performance-and-recovery-hardening.md,MOVE,NONE,Archive the superseded active filename before adding its selected v10.1 plan/audit replacement.,explicit human controller/prompt/policy/layout decision,tracked SHA-256 preserved; no staged diff,No change was applied.,YES,MAP-PROMPTS-V10.1,READY_FOR_APPROVAL,H1_REPOSITORY_INTEGRATION
CURRENT_REPOSITORY,automation/numbered/032-formal-pilot-release-test-matrix-and-release-gate-audit.md,5b7201cb3bafa7f6d51cd65e5f4e50d8714a8fdf14d7fed049ea188139eebd20,REPOSITORY_PROMPT,automation/numbered/032-formal-pilot-release-test-matrix-and-release-gate-audit.md,automation/numbered/032-formal-pilot-release-test-matrix-and-release-gate-audit.md,REPLACE,NONE,Replace the current prompt with the selected same-path v10.1 donor after whole-mapping approval.,explicit human controller/prompt/policy/layout decision,tracked SHA-256 preserved; no staged diff,No change was applied.,YES,MAP-PROMPTS-V10.1,READY_FOR_APPROVAL,H1_REPOSITORY_INTEGRATION
CURRENT_REPOSITORY,automation/numbered/033-prepare-and-execute-the-controlled-staging-deployment.md,34ec997ef77764969c45fceaf95a2941edb3c63aec1016818a0b7a2751ba8e89,REPOSITORY_PROMPT,automation/numbered/033-prepare-and-execute-the-controlled-staging-deployment.md,docs/delivery-provenance/v10.1/pre-v10.1-controller/automation/numbered/033-prepare-and-execute-the-controlled-staging-deployment.md,MOVE,NONE,Archive the superseded active filename before adding its selected v10.1 plan/audit replacement.,explicit human controller/prompt/policy/layout decision,tracked SHA-256 preserved; no staged diff,No change was applied.,YES,MAP-PROMPTS-V10.1,READY_FOR_APPROVAL,H1_REPOSITORY_INTEGRATION
CURRENT_REPOSITORY,automation/numbered/034-final-staging-and-pilot-readiness-audit.md,d657196c0e16e440a384e2ddccf3a06937bb55b0b37ff5c68f856061125748e5,REPOSITORY_PROMPT,automation/numbered/034-final-staging-and-pilot-readiness-audit.md,automation/numbered/034-final-staging-and-pilot-readiness-audit.md,REPLACE,NONE,Replace the current prompt with the selected same-path v10.1 donor after whole-mapping approval.,explicit human controller/prompt/policy/layout decision,tracked SHA-256 preserved; no staged diff,No change was applied.,YES,MAP-PROMPTS-V10.1,READY_FOR_APPROVAL,H1_REPOSITORY_INTEGRATION
CURRENT_REPOSITORY,automation/numbered/035-deploy-the-controlled-production-pilot.md,b064d57f204280a64b56f1338a561fc345e0ed7b320e3253b5e5ca8249fd9210,REPOSITORY_PROMPT,automation/numbered/035-deploy-the-controlled-production-pilot.md,docs/delivery-provenance/v10.1/pre-v10.1-controller/automation/numbered/035-deploy-the-controlled-production-pilot.md,MOVE,NONE,Archive the superseded active filename before adding its selected v10.1 plan/audit replacement.,explicit human controller/prompt/policy/layout decision,tracked SHA-256 preserved; no staged diff,No change was applied.,YES,MAP-PROMPTS-V10.1,READY_FOR_APPROVAL,H1_REPOSITORY_INTEGRATION
CURRENT_REPOSITORY,automation/numbered/036-production-pilot-launch-verification-audit.md,03a42c89f8dd1f1d1f089b0942503e8fe19ec9f1877f6a13ef2f3dff3b122085,REPOSITORY_PROMPT,automation/numbered/036-production-pilot-launch-verification-audit.md,automation/numbered/036-production-pilot-launch-verification-audit.md,REPLACE,NONE,Replace the current prompt with the selected same-path v10.1 donor after whole-mapping approval.,explicit human controller/prompt/policy/layout decision,tracked SHA-256 preserved; no staged diff,No change was applied.,YES,MAP-PROMPTS-V10.1,READY_FOR_APPROVAL,H1_REPOSITORY_INTEGRATION
CURRENT_REPOSITORY,automation/numbered/037-implement-pilot-feedback-and-business-validation-workflow.md,7089128dd54138e2fc7873ce0ffbae1e2db5b9b8bd460c967010b328663bcbb0,REPOSITORY_PROMPT,automation/numbered/037-implement-pilot-feedback-and-business-validation-workflow.md,automation/numbered/037-implement-pilot-feedback-and-business-validation-workflow.md,REPLACE,NONE,Replace the current prompt with the selected same-path v10.1 donor after whole-mapping approval.,explicit human controller/prompt/policy/layout decision,tracked SHA-256 preserved; no staged diff,No change was applied.,YES,MAP-PROMPTS-V10.1,READY_FOR_APPROVAL,H1_REPOSITORY_INTEGRATION
CURRENT_REPOSITORY,automation/numbered/038-pilot-feedback-and-business-validation-audit.md,f822b87487640f516ab5270c59f3329e32c2739f4f2c91fa1ffc4491ab3778be,REPOSITORY_PROMPT,automation/numbered/038-pilot-feedback-and-business-validation-audit.md,automation/numbered/038-pilot-feedback-and-business-validation-audit.md,REPLACE,NONE,Replace the current prompt with the selected same-path v10.1 donor after whole-mapping approval.,explicit human controller/prompt/policy/layout decision,tracked SHA-256 preserved; no staged diff,No change was applied.,YES,MAP-PROMPTS-V10.1,READY_FOR_APPROVAL,H1_REPOSITORY_INTEGRATION
CURRENT_REPOSITORY,automation/numbered/markdown-prompts.zip,67fe18e625209d860eedcfdde40f0161b1a57efa1f060381105a30e4edb0cb15,REPOSITORY_PROMPT,automation/numbered/markdown-prompts.zip,docs/delivery-provenance/v10.1/pre-v10.1-controller/automation/numbered/markdown-prompts.zip,MOVE,NONE,Archive the pre-v10.1 prompt archive before materializing the selected archive.,explicit human controller/prompt/policy/layout decision,tracked SHA-256 preserved; no staged diff,No change was applied.,YES,MAP-PROMPTS-V10.1,READY_FOR_APPROVAL,H1_REPOSITORY_INTEGRATION
CURRENT_REPOSITORY,automation/prompt-manifest.json,8a3545260e50a1153266bc0f066845ea820527857e6ba153f38f0e387d9b4efd,REPOSITORY_AUTOMATION,automation/prompt-manifest.json,automation/prompt-manifest.json,MERGE,NONE,"Rebuild the 38 numbered-prompt manifest entries from selected bytes and update renamed stages 031, 033 and 035; validate the three appendices separately.",38 selected numbered prompts; three canonical appendices; manifest validator,tracked SHA-256 preserved; no staged diff,No change was applied.,YES,MAP-PROMPTS-V10.1,READY_FOR_APPROVAL,H1_REPOSITORY_INTEGRATION
CURRENT_REPOSITORY,automation/reports/roadmap-generation-report.md,817460116d94da133d6127b07f7d6a7fd2d0896a8cf4295abd56ce68f5decb32,REPOSITORY_AUTOMATION,automation/reports/roadmap-generation-report.md,docs/delivery-provenance/v10.1/pre-v10.1-controller/automation/reports/roadmap-generation-report.md,MOVE,NONE,Retire the stale pre-v10.1 proposal/reference without generating or activating a replacement roadmap.,selected prompt generation; active roadmap remains null,tracked SHA-256 preserved; no staged diff,No change was applied.,YES,MAP-STALE-ROADMAP-EVIDENCE,READY_FOR_APPROVAL,H1_REPOSITORY_INTEGRATION
CURRENT_REPOSITORY,automation/result.schema.json,c1eebe6ec9c42848e6dec0a9d11a0017d6b0a4fddb33da6dd34165127098a976,REPOSITORY_SCHEMA,automation/result.schema.json,automation/result.schema.json,KEEP_CURRENT,NONE,Keep the repository controller boundary byte-exact and dormant during integration.,ADR-0009; transition contract single-writer gates,tracked SHA-256 preserved; no staged diff,No change was applied.,NO,MAP-REPOSITORY-CONTROLLER,READY_FOR_APPROVAL,H0_PREPARATION
CURRENT_REPOSITORY,automation/roadmap-generator-prompt.md,a2bcb705b6db7d622a17f503c25d365babc0484fbcc87be2dba516e50b0b512f,REPOSITORY_AUTOMATION,automation/roadmap-generator-prompt.md,automation/roadmap-generator-prompt.md,KEEP_CURRENT,NONE,Keep the repository controller boundary byte-exact and dormant during integration.,ADR-0009; transition contract single-writer gates,tracked SHA-256 preserved; no staged diff,No change was applied.,NO,MAP-REPOSITORY-CONTROLLER,READY_FOR_APPROVAL,H0_PREPARATION
CURRENT_REPOSITORY,automation/roadmap.example.json,99e0fe49a2d258ce22e7bad094ffd4d9655bb62517a4d5a061e098d5beebe1d2,REPOSITORY_AUTOMATION,automation/roadmap.example.json,docs/delivery-provenance/v10.1/pre-v10.1-controller/automation/roadmap.example.json,MOVE,NONE,Retire the stale pre-v10.1 proposal/reference without generating or activating a replacement roadmap.,selected prompt generation; active roadmap remains null,tracked SHA-256 preserved; no staged diff,No change was applied.,YES,MAP-STALE-ROADMAP-EVIDENCE,READY_FOR_APPROVAL,H1_REPOSITORY_INTEGRATION
CURRENT_REPOSITORY,automation/roadmap.json,e3b0c44298fc1c149afbf4c8996fb92427ae41e4649b934ca495991b7852b855,REPOSITORY_AUTOMATION,automation/roadmap.json,automation/roadmap.json,KEEP_CURRENT,NONE,Preserve repository-primary governance while active policy and roadmap remain null.,transition contract authority_state,tracked SHA-256 preserved; no staged diff,No change was applied.,NO,MAP-AUTHORITY-INACTIVE,READY_FOR_APPROVAL,H0_PREPARATION
CURRENT_REPOSITORY,automation/roadmap.proposed.json,30c858b8ec02a2e6dae94a991395e1c0baabbf4b65bcf07e25d8dc30334f18c7,REPOSITORY_AUTOMATION,automation/roadmap.proposed.json,docs/delivery-provenance/v10.1/pre-v10.1-controller/automation/roadmap.proposed.json,MOVE,NONE,Retire the stale pre-v10.1 proposal/reference without generating or activating a replacement roadmap.,selected prompt generation; active roadmap remains null,tracked SHA-256 preserved; no staged diff,No change was applied.,YES,MAP-STALE-ROADMAP-EVIDENCE,READY_FOR_APPROVAL,H1_REPOSITORY_INTEGRATION
CURRENT_REPOSITORY,automation/roadmap.schema.json,572a5d6cc87ca5bce46b7e517c9cd709ea4584a333ada028d3f64c2ebf19ce7f,REPOSITORY_SCHEMA,automation/roadmap.schema.json,automation/roadmap.schema.json,KEEP_CURRENT,NONE,Keep the repository controller boundary byte-exact and dormant during integration.,ADR-0009; transition contract single-writer gates,tracked SHA-256 preserved; no staged diff,No change was applied.,NO,MAP-REPOSITORY-CONTROLLER,READY_FOR_APPROVAL,H0_PREPARATION
CURRENT_REPOSITORY,automation/smoke_test.py,1feb29feea21417d2e284fc474dcb3ec457c663f0ae8be36fa515e6bbe6cd0e0,REPOSITORY_AUTOMATION,automation/smoke_test.py,automation/smoke_test.py,KEEP_CURRENT,NONE,Keep the repository controller boundary byte-exact and dormant during integration.,ADR-0009; transition contract single-writer gates,tracked SHA-256 preserved; no staged diff,No change was applied.,NO,MAP-REPOSITORY-CONTROLLER,READY_FOR_APPROVAL,H0_PREPARATION
CURRENT_REPOSITORY,docs/automation/AZPR-Autonomous-Agent-Loop-Implementation-Guide.docx,5666e29e842fc172f173533b44a8d321eff5158c7d33233c008e362678cb7da1,REPOSITORY_DOCUMENTATION,docs/automation/AZPR-Autonomous-Agent-Loop-Implementation-Guide.docx,docs/delivery-provenance/v10.1/pre-v10.1-controller/docs/automation/AZPR-Autonomous-Agent-Loop-Implementation-Guide.docx,MOVE,NONE,"Archive the pre-v10.1 controller manifest or setup guide because its hashes, prompt names, or roadmap commands will no longer describe the approved mapping.",selected prompt generation; repository controller remains dormant; replacement documentation review,tracked SHA-256 preserved; no staged diff,No change was applied.,YES,MAP-STALE-CONTROLLER-REFERENCES,READY_FOR_APPROVAL,H1_REPOSITORY_INTEGRATION
CURRENT_REPOSITORY,docs/automation/README.md,1d798cbeb1dd471c4ae44961ad258ab510fcc673183c04a2224cb6611f1ca76e,REPOSITORY_DOCUMENTATION,docs/automation/README.md,docs/automation/README.md,MERGE,NONE,Add the staged-hybrid dormant-transition notice without activating either controller.,ADR-0009; transition contract,post-merge generated-row SHA-256; documentation check; no controller execution,Restore the exact pre-preparation bytes from the approved base commit.,NO,MAP-PREPARATION-DOCUMENTATION,READY_FOR_APPROVAL,H0_PREPARATION
CURRENT_REPOSITORY,docs/automation/autonomous-execution-policy.md,654e984ec43384175e64bd2c9db5da32bf4b56d128dfe8aff4424aaeb03783df,REPOSITORY_DOCUMENTATION,docs/automation/autonomous-execution-policy.md,docs/automation/autonomous-execution-policy.md,KEEP_CURRENT,NONE,Preserve repository-primary governance while active policy and roadmap remain null.,transition contract authority_state,tracked SHA-256 preserved; no staged diff,No change was applied.,NO,MAP-AUTHORITY-INACTIVE,READY_FOR_APPROVAL,H0_PREPARATION
CURRENT_REPOSITORY,docs/automation/current-status.md,494a4094331cf3de3711cd4d44aa6ad9c8f243b2c3948dfb398e25266dc7586d,REPOSITORY_DOCUMENTATION,docs/automation/current-status.md,docs/automation/current-status.md,MERGE,NONE,Add the staged-hybrid dormant-transition notice without activating either controller.,ADR-0009; transition contract,post-merge generated-row SHA-256; documentation check; no controller execution,Restore the exact pre-preparation bytes from the approved base commit.,NO,MAP-PREPARATION-DOCUMENTATION,READY_FOR_APPROVAL,H0_PREPARATION
CURRENT_REPOSITORY,AZPR-roadmap-security-consultation.md,560985a96ebe55435306bd2240674a3ffd25959ff5ad9c0bfff9342a04e6b13e,REPOSITORY_AUTOMATION,AZPR-roadmap-security-consultation.md,docs/delivery-provenance/v10.1/pre-v10.1-controller/AZPR-roadmap-security-consultation.md,MOVE,NONE,Disposition added after reference closure identified this affected tracked file.,ADR-0009; selected v10.1 prompt generation; whole-mapping human approval,tracked SHA-256; reference scan; no active roadmap,Restore the exact pre-integration bytes from the provenance destination or Git history.,YES,MAP-STALE-ROADMAP-EVIDENCE,READY_FOR_APPROVAL,H1_REPOSITORY_INTEGRATION
CURRENT_REPOSITORY,AZPR-roadmap-security-scorecard.json,770a3e5fcb4c4a2fcd94bb52ba9bc337677bc73a4c5dee78f4088d500002173a,REPOSITORY_AUTOMATION,AZPR-roadmap-security-scorecard.json,docs/delivery-provenance/v10.1/pre-v10.1-controller/AZPR-roadmap-security-scorecard.json,MOVE,NONE,Disposition added after reference closure identified this affected tracked file.,ADR-0009; selected v10.1 prompt generation; whole-mapping human approval,tracked SHA-256; reference scan; no active roadmap,Restore the exact pre-integration bytes from the provenance destination or Git history.,YES,MAP-STALE-ROADMAP-EVIDENCE,READY_FOR_APPROVAL,H1_REPOSITORY_INTEGRATION
INTEGRATION_GENERATED,.gitignore,2edd584c20fed33985d88d16710eb28d4d72393c34a47f96d02930d70605c881,REPOSITORY_CONFIGURATION,.gitignore,.gitignore,MERGE,NONE,"Preparation-only safeguard, provenance, dependency, or validation artifact requested for mapping approval readiness.",ADR-0009; transition contract; no approval or activation side effect,SHA-256; repository tests; mapping-readiness assessment,Restore the exact pre-preparation bytes from the approved base commit.,NO,MAP-INTEGRATION-GENERATED,READY_FOR_APPROVAL,H0_PREPARATION
INTEGRATION_GENERATED,AGENTS.md,3dd70b9563eca6dd6c3ddc2952a2b158dfb122d036562f1ab1275fc7d43a5b59,REPOSITORY_CONFIGURATION,AGENTS.md,AGENTS.md,MERGE,NONE,"Preparation-only safeguard, provenance, dependency, or validation artifact requested for mapping approval readiness.",ADR-0009; transition contract; no approval or activation side effect,SHA-256; repository tests; mapping-readiness assessment,Restore the exact pre-preparation bytes from the approved base commit.,NO,MAP-INTEGRATION-GENERATED,READY_FOR_APPROVAL,H0_PREPARATION
INTEGRATION_GENERATED,AUTONOMOUS_LOOP_INSTALL.md,159e10cb42135664fb91a92c57e04e02f8c933a647124b9ca6211b654096dc0c,REPOSITORY_DOCUMENTATION,AUTONOMOUS_LOOP_INSTALL.md,AUTONOMOUS_LOOP_INSTALL.md,MERGE,NONE,"Preparation-only safeguard, provenance, dependency, or validation artifact requested for mapping approval readiness.",ADR-0009; transition contract; no approval or activation side effect,SHA-256; repository tests; mapping-readiness assessment,Restore the exact pre-preparation bytes from the approved base commit.,NO,MAP-INTEGRATION-GENERATED,READY_FOR_APPROVAL,H0_PREPARATION
INTEGRATION_GENERATED,automation/integration/v10.1/controller-transition-contract.json,e4334d4c69c31bc64ae37e0f5df88a0cbb08e2ac9455bc1ac5784297d94ce8e6,REPOSITORY_AUTOMATION,,automation/integration/v10.1/controller-transition-contract.json,ADD,NONE,"Preparation-only safeguard, provenance, dependency, or validation artifact requested for mapping approval readiness.",ADR-0009; transition contract; no approval or activation side effect,SHA-256; repository tests; mapping-readiness assessment,Remove this exact preparation artifact before approval if the staged-hybrid decision is withdrawn.,NO,MAP-INTEGRATION-GENERATED,READY_FOR_APPROVAL,H0_PREPARATION
INTEGRATION_GENERATED,automation/integration/v10.1/prompt-stages/00-preflight-authority-and-inputs.md,c2b4650bcac0ce167d8168828d01b1d1deca53dbbc4bb59510e18fca03b6e991,REPOSITORY_AUTOMATION,,automation/integration/v10.1/prompt-stages/00-preflight-authority-and-inputs.md,ADD,NONE,"Preparation-only safeguard, provenance, dependency, or validation artifact requested for mapping approval readiness.",ADR-0009; transition contract; no approval or activation side effect,SHA-256; repository tests; mapping-readiness assessment,Remove this exact preparation artifact before approval if the staged-hybrid decision is withdrawn.,NO,MAP-INTEGRATION-GENERATED,READY_FOR_APPROVAL,H0_PREPARATION
INTEGRATION_GENERATED,automation/integration/v10.1/prompt-stages/01-linux-delivery-reverification.md,9f52aec8f7b38a0478ca61db54b1a1135cd397e7be74d97ce7bcac9913eec31c,REPOSITORY_AUTOMATION,,automation/integration/v10.1/prompt-stages/01-linux-delivery-reverification.md,ADD,NONE,"Preparation-only safeguard, provenance, dependency, or validation artifact requested for mapping approval readiness.",ADR-0009; transition contract; no approval or activation side effect,SHA-256; repository tests; mapping-readiness assessment,Remove this exact preparation artifact before approval if the staged-hybrid decision is withdrawn.,NO,MAP-INTEGRATION-GENERATED,READY_FOR_APPROVAL,H0_PREPARATION
INTEGRATION_GENERATED,automation/integration/v10.1/prompt-stages/02-freeze-mapping-and-human-approval-handoff.md,f42f769405d392a4681b3416d23ed7bc47cfead2c89b83a91eccbe1da4fee13e,REPOSITORY_AUTOMATION,,automation/integration/v10.1/prompt-stages/02-freeze-mapping-and-human-approval-handoff.md,ADD,NONE,"Preparation-only safeguard, provenance, dependency, or validation artifact requested for mapping approval readiness.",ADR-0009; transition contract; no approval or activation side effect,SHA-256; repository tests; mapping-readiness assessment,Remove this exact preparation artifact before approval if the staged-hybrid decision is withdrawn.,NO,MAP-INTEGRATION-GENERATED,READY_FOR_APPROVAL,H0_PREPARATION
INTEGRATION_GENERATED,automation/integration/v10.1/prompt-stages/03-h1-materialize-approved-repository-mapping.md,1a312f3eebe2aea3d9e711a30e0a503a2dcb1e93c101fee09164ae32b11bf10e,REPOSITORY_AUTOMATION,,automation/integration/v10.1/prompt-stages/03-h1-materialize-approved-repository-mapping.md,ADD,NONE,"Preparation-only safeguard, provenance, dependency, or validation artifact requested for mapping approval readiness.",ADR-0009; transition contract; no approval or activation side effect,SHA-256; repository tests; mapping-readiness assessment,Remove this exact preparation artifact before approval if the staged-hybrid decision is withdrawn.,NO,MAP-INTEGRATION-GENERATED,READY_FOR_APPROVAL,H0_PREPARATION
INTEGRATION_GENERATED,automation/integration/v10.1/prompt-stages/04-h1-repository-integration-audit.md,7e32e43d71565d898f535db32549ad867b287ae063f8b2fc037a4a259d63e703,REPOSITORY_AUTOMATION,,automation/integration/v10.1/prompt-stages/04-h1-repository-integration-audit.md,ADD,NONE,"Preparation-only safeguard, provenance, dependency, or validation artifact requested for mapping approval readiness.",ADR-0009; transition contract; no approval or activation side effect,SHA-256; repository tests; mapping-readiness assessment,Remove this exact preparation artifact before approval if the staged-hybrid decision is withdrawn.,NO,MAP-INTEGRATION-GENERATED,READY_FOR_APPROVAL,H0_PREPARATION
INTEGRATION_GENERATED,automation/integration/v10.1/prompt-stages/05-h2-read-only-external-controller-qualification.md,8ed28a5a77a0ddda7f91d48b35e8357bef2f3d8b77bb6664e0d2140cc5d1af87,REPOSITORY_AUTOMATION,,automation/integration/v10.1/prompt-stages/05-h2-read-only-external-controller-qualification.md,ADD,NONE,"Preparation-only safeguard, provenance, dependency, or validation artifact requested for mapping approval readiness.",ADR-0009; transition contract; no approval or activation side effect,SHA-256; repository tests; mapping-readiness assessment,Remove this exact preparation artifact before approval if the staged-hybrid decision is withdrawn.,NO,MAP-INTEGRATION-GENERATED,READY_FOR_APPROVAL,H0_PREPARATION
INTEGRATION_GENERATED,automation/integration/v10.1/prompt-stages/06-h2-cutover-readiness-audit.md,816ae585fcef17d6e998fb694665c5dca5d62e90d1e00025f749a9676a21fc29,REPOSITORY_AUTOMATION,,automation/integration/v10.1/prompt-stages/06-h2-cutover-readiness-audit.md,ADD,NONE,"Preparation-only safeguard, provenance, dependency, or validation artifact requested for mapping approval readiness.",ADR-0009; transition contract; no approval or activation side effect,SHA-256; repository tests; mapping-readiness assessment,Remove this exact preparation artifact before approval if the staged-hybrid decision is withdrawn.,NO,MAP-INTEGRATION-GENERATED,READY_FOR_APPROVAL,H0_PREPARATION
INTEGRATION_GENERATED,automation/integration/v10.1/prompt-stages/07-h3-cutover-plan-and-authorization-package.md,93275366a067f58396213cd44832f684da84eb93761acf13416650916019a25a,REPOSITORY_AUTOMATION,,automation/integration/v10.1/prompt-stages/07-h3-cutover-plan-and-authorization-package.md,ADD,NONE,"Preparation-only safeguard, provenance, dependency, or validation artifact requested for mapping approval readiness.",ADR-0009; transition contract; no approval or activation side effect,SHA-256; repository tests; mapping-readiness assessment,Remove this exact preparation artifact before approval if the staged-hybrid decision is withdrawn.,NO,MAP-INTEGRATION-GENERATED,READY_FOR_APPROVAL,H0_PREPARATION
INTEGRATION_GENERATED,automation/integration/v10.1/prompt-stages/08-h3-controlled-single-writer-cutover.md,0fa680c462e0edc01a3c7809c2960c2cd921f9cc49c0f02c3998d662e2f4b387,REPOSITORY_AUTOMATION,,automation/integration/v10.1/prompt-stages/08-h3-controlled-single-writer-cutover.md,ADD,NONE,"Preparation-only safeguard, provenance, dependency, or validation artifact requested for mapping approval readiness.",ADR-0009; transition contract; no approval or activation side effect,SHA-256; repository tests; mapping-readiness assessment,Remove this exact preparation artifact before approval if the staged-hybrid decision is withdrawn.,NO,MAP-INTEGRATION-GENERATED,READY_FOR_APPROVAL,H0_PREPARATION
INTEGRATION_GENERATED,automation/integration/v10.1/prompt-stages/09-post-cutover-reconciliation-audit.md,ac64ba38f8bcf2dd2efb8c0c03157c5aaeea712c4eb20c8f44f0cddc3db78dbb,REPOSITORY_AUTOMATION,,automation/integration/v10.1/prompt-stages/09-post-cutover-reconciliation-audit.md,ADD,NONE,"Preparation-only safeguard, provenance, dependency, or validation artifact requested for mapping approval readiness.",ADR-0009; transition contract; no approval or activation side effect,SHA-256; repository tests; mapping-readiness assessment,Remove this exact preparation artifact before approval if the staged-hybrid decision is withdrawn.,NO,MAP-INTEGRATION-GENERATED,READY_FOR_APPROVAL,H0_PREPARATION
INTEGRATION_GENERATED,automation/integration/v10.1/prompt-stages/MASTER-ORCHESTRATION-PROMPT.md,5077f040098c97336bbef40b5ed9fccae396ae459554648804cebf428dcf4dec,REPOSITORY_AUTOMATION,,automation/integration/v10.1/prompt-stages/MASTER-ORCHESTRATION-PROMPT.md,ADD,NONE,"Preparation-only safeguard, provenance, dependency, or validation artifact requested for mapping approval readiness.",ADR-0009; transition contract; no approval or activation side effect,SHA-256; repository tests; mapping-readiness assessment,Remove this exact preparation artifact before approval if the staged-hybrid decision is withdrawn.,NO,MAP-INTEGRATION-GENERATED,READY_FOR_APPROVAL,H0_PREPARATION
INTEGRATION_GENERATED,automation/integration/v10.1/prompt-stages/README.md,7ede783b15a21446700a837b88cc51821782179250fccf3ad5481f6cff57a05b,REPOSITORY_AUTOMATION,,automation/integration/v10.1/prompt-stages/README.md,ADD,NONE,"Preparation-only safeguard, provenance, dependency, or validation artifact requested for mapping approval readiness.",ADR-0009; transition contract; no approval or activation side effect,SHA-256; repository tests; mapping-readiness assessment,Remove this exact preparation artifact before approval if the staged-hybrid decision is withdrawn.,NO,MAP-INTEGRATION-GENERATED,READY_FOR_APPROVAL,H0_PREPARATION
INTEGRATION_GENERATED,automation/integration/v10.1/prompt-stages/SHA256SUMS.json,876401076900b2d8e8dd2400c2cb60965c8000779f5286478c8eb5813371e817,REPOSITORY_AUTOMATION,,automation/integration/v10.1/prompt-stages/SHA256SUMS.json,ADD,NONE,"Preparation-only safeguard, provenance, dependency, or validation artifact requested for mapping approval readiness.",ADR-0009; transition contract; no approval or activation side effect,SHA-256; repository tests; mapping-readiness assessment,Remove this exact preparation artifact before approval if the staged-hybrid decision is withdrawn.,NO,MAP-INTEGRATION-GENERATED,READY_FOR_APPROVAL,H0_PREPARATION
INTEGRATION_GENERATED,automation/integration/v10.1/prompt-stages/operator-input.template.json,d9aad8789d96e9b10cbeb11a97e580fded0af041dd5d6335bf8107581a21c9c3,REPOSITORY_AUTOMATION,,automation/integration/v10.1/prompt-stages/operator-input.template.json,ADD,NONE,"Preparation-only safeguard, provenance, dependency, or validation artifact requested for mapping approval readiness.",ADR-0009; transition contract; no approval or activation side effect,SHA-256; repository tests; mapping-readiness assessment,Remove this exact preparation artifact before approval if the staged-hybrid decision is withdrawn.,NO,MAP-INTEGRATION-GENERATED,READY_FOR_APPROVAL,H0_PREPARATION
INTEGRATION_GENERATED,automation/integration/v10.1/prompt-stages/stage-manifest.json,ed5ce8802665d862d15ad0892892ae1f2f9bc0691dd088f4ea161d9dd693dfa6,REPOSITORY_AUTOMATION,,automation/integration/v10.1/prompt-stages/stage-manifest.json,ADD,NONE,"Preparation-only safeguard, provenance, dependency, or validation artifact requested for mapping approval readiness.",ADR-0009; transition contract; no approval or activation side effect,SHA-256; repository tests; mapping-readiness assessment,Remove this exact preparation artifact before approval if the staged-hybrid decision is withdrawn.,NO,MAP-INTEGRATION-GENERATED,READY_FOR_APPROVAL,H0_PREPARATION
INTEGRATION_GENERATED,automation/integration/v10.1/prompt-stages/stage-result.example.json,240034062f7635e649943f50ad43f9e1c3631ef056cdc6e5210dc4afdccd00cc,REPOSITORY_AUTOMATION,,automation/integration/v10.1/prompt-stages/stage-result.example.json,ADD,NONE,"Preparation-only safeguard, provenance, dependency, or validation artifact requested for mapping approval readiness.",ADR-0009; transition contract; no approval or activation side effect,SHA-256; repository tests; mapping-readiness assessment,Remove this exact preparation artifact before approval if the staged-hybrid decision is withdrawn.,NO,MAP-INTEGRATION-GENERATED,READY_FOR_APPROVAL,H0_PREPARATION
INTEGRATION_GENERATED,automation/integration/v10.1/prompt-stages/stage-result.schema.json,ce5d11edd1021ddf150b1f558090e020f87664b41ad516f2543c0d2ab6d29bc3,REPOSITORY_AUTOMATION,,automation/integration/v10.1/prompt-stages/stage-result.schema.json,ADD,NONE,"Preparation-only safeguard, provenance, dependency, or validation artifact requested for mapping approval readiness.",ADR-0009; transition contract; no approval or activation side effect,SHA-256; repository tests; mapping-readiness assessment,Remove this exact preparation artifact before approval if the staged-hybrid decision is withdrawn.,NO,MAP-INTEGRATION-GENERATED,READY_FOR_APPROVAL,H0_PREPARATION
INTEGRATION_GENERATED,docs/adr/0009-staged-hybrid-controller-transition.md,4488751da68f7392813558c7f41b3ae17abced10674bf8fa304427be712fedd5,REPOSITORY_DOCUMENTATION,,docs/adr/0009-staged-hybrid-controller-transition.md,ADD,NONE,"Preparation-only safeguard, provenance, dependency, or validation artifact requested for mapping approval readiness.",ADR-0009; transition contract; no approval or activation side effect,SHA-256; repository tests; mapping-readiness assessment,Remove this exact preparation artifact before approval if the staged-hybrid decision is withdrawn.,NO,MAP-INTEGRATION-GENERATED,READY_FOR_APPROVAL,H0_PREPARATION
INTEGRATION_GENERATED,docs/adr/README.md,081f425dd8910a0f6cfccb53f27a97aa9a45d8226aef5adecbd15a3384cf059f,REPOSITORY_DOCUMENTATION,docs/adr/README.md,docs/adr/README.md,MERGE,NONE,"Preparation-only safeguard, provenance, dependency, or validation artifact requested for mapping approval readiness.",ADR-0009; transition contract; no approval or activation side effect,SHA-256; repository tests; mapping-readiness assessment,Restore the exact pre-preparation bytes from the approved base commit.,NO,MAP-INTEGRATION-GENERATED,READY_FOR_APPROVAL,H0_PREPARATION
INTEGRATION_GENERATED,docs/audits/README.md,e4f143103fbf0a5f10d19c8a5e9563d7d98bb2747bb595f593d23b0c3c1087df,REPOSITORY_DOCUMENTATION,docs/audits/README.md,docs/audits/README.md,MERGE,NONE,"Preparation-only safeguard, provenance, dependency, or validation artifact requested for mapping approval readiness.",ADR-0009; transition contract; no approval or activation side effect,SHA-256; repository tests; mapping-readiness assessment,Restore the exact pre-preparation bytes from the approved base commit.,NO,MAP-INTEGRATION-GENERATED,READY_FOR_APPROVAL,H0_PREPARATION
INTEGRATION_GENERATED,docs/automation/README.md,17809ad8eba94a44c3aa7aa0e4a4236ebb7ea3aa4f65935a5d6d88da4cdd55e4,REPOSITORY_DOCUMENTATION,docs/automation/README.md,docs/automation/README.md,MERGE,NONE,"Preparation-only safeguard, provenance, dependency, or validation artifact requested for mapping approval readiness.",ADR-0009; transition contract; no approval or activation side effect,SHA-256; repository tests; mapping-readiness assessment,Restore the exact pre-preparation bytes from the approved base commit.,NO,MAP-INTEGRATION-GENERATED,READY_FOR_APPROVAL,H0_PREPARATION
INTEGRATION_GENERATED,docs/automation/current-status.md,a6024e61c99dd4c37774e31194104aa53d7cda68a0bebe0ef824602ec27308b8,REPOSITORY_DOCUMENTATION,docs/automation/current-status.md,docs/automation/current-status.md,MERGE,NONE,"Preparation-only safeguard, provenance, dependency, or validation artifact requested for mapping approval readiness.",ADR-0009; transition contract; no approval or activation side effect,SHA-256; repository tests; mapping-readiness assessment,Restore the exact pre-preparation bytes from the approved base commit.,NO,MAP-INTEGRATION-GENERATED,READY_FOR_APPROVAL,H0_PREPARATION
INTEGRATION_GENERATED,docs/delivery-provenance/v10.1/README.md,32f65cf3feda8a6eeb5c80a1de99f171efb6a51eb6e8d3dcd13dae18b1bfe8c5,REPOSITORY_DOCUMENTATION,,docs/delivery-provenance/v10.1/README.md,ADD,NONE,"Preparation-only safeguard, provenance, dependency, or validation artifact requested for mapping approval readiness.",ADR-0009; transition contract; no approval or activation side effect,SHA-256; repository tests; mapping-readiness assessment,Remove this exact preparation artifact before approval if the staged-hybrid decision is withdrawn.,NO,MAP-INTEGRATION-GENERATED,READY_FOR_APPROVAL,H0_PREPARATION
INTEGRATION_GENERATED,docs/delivery-provenance/v10.1/delivery-identity.json,93e7282e71d5c671460c3545b5f0425d9121300d7cbc76f33ca2f937f977d015,REPOSITORY_DOCUMENTATION,,docs/delivery-provenance/v10.1/delivery-identity.json,ADD,NONE,"Preparation-only safeguard, provenance, dependency, or validation artifact requested for mapping approval readiness.",ADR-0009; transition contract; no approval or activation side effect,SHA-256; repository tests; mapping-readiness assessment,Remove this exact preparation artifact before approval if the staged-hybrid decision is withdrawn.,NO,MAP-INTEGRATION-GENERATED,READY_FOR_APPROVAL,H0_PREPARATION
INTEGRATION_GENERATED,docs/delivery-provenance/v10.1/integration/AZPR-v10.1-current-repository-inventory.json,f6458be46cbc4e4279c6da2ee702f614a0d3f6f99015fd27bb3f64167b48970e,REPOSITORY_DOCUMENTATION,,docs/delivery-provenance/v10.1/integration/AZPR-v10.1-current-repository-inventory.json,ADD,NONE,"Preparation-only safeguard, provenance, dependency, or validation artifact requested for mapping approval readiness.",ADR-0009; transition contract; no approval or activation side effect,SHA-256; repository tests; mapping-readiness assessment,Remove this exact preparation artifact before approval if the staged-hybrid decision is withdrawn.,NO,MAP-INTEGRATION-GENERATED,READY_FOR_APPROVAL,H0_PREPARATION
INTEGRATION_GENERATED,docs/delivery-provenance/v10.1/integration/AZPR-v10.1-final-deliverables-inventory.json,464cb8ad0ec36d454f4c2545aceab6e864466cd47d2afa8bafaecce1fc480183,REPOSITORY_DOCUMENTATION,,docs/delivery-provenance/v10.1/integration/AZPR-v10.1-final-deliverables-inventory.json,ADD,NONE,"Preparation-only safeguard, provenance, dependency, or validation artifact requested for mapping approval readiness.",ADR-0009; transition contract; no approval or activation side effect,SHA-256; repository tests; mapping-readiness assessment,Remove this exact preparation artifact before approval if the staged-hybrid decision is withdrawn.,NO,MAP-INTEGRATION-GENERATED,READY_FOR_APPROVAL,H0_PREPARATION
INTEGRATION_GENERATED,docs/delivery-provenance/v10.1/integration/AZPR-v10.1-integration-conflict-report.md,321df72a1d3d6d4fa72d056b48d80b4655390b849119d18efd7094a9aae1fbdf,REPOSITORY_DOCUMENTATION,,docs/delivery-provenance/v10.1/integration/AZPR-v10.1-integration-conflict-report.md,ADD,NONE,"Preparation-only safeguard, provenance, dependency, or validation artifact requested for mapping approval readiness.",ADR-0009; transition contract; no approval or activation side effect,SHA-256; repository tests; mapping-readiness assessment,Remove this exact preparation artifact before approval if the staged-hybrid decision is withdrawn.,NO,MAP-INTEGRATION-GENERATED,READY_FOR_APPROVAL,H0_PREPARATION
INTEGRATION_GENERATED,docs/delivery-provenance/v10.1/integration/AZPR-v10.1-integration-path-mapping.staging-original.csv,007786c1c1748f8264cee452df815b47e41e15deb8b532b31f426cd18b4f2525,REPOSITORY_DOCUMENTATION,,docs/delivery-provenance/v10.1/integration/AZPR-v10.1-integration-path-mapping.staging-original.csv,ADD,NONE,"Preparation-only safeguard, provenance, dependency, or validation artifact requested for mapping approval readiness.",ADR-0009; transition contract; no approval or activation side effect,SHA-256; repository tests; mapping-readiness assessment,Remove this exact preparation artifact before approval if the staged-hybrid decision is withdrawn.,NO,MAP-INTEGRATION-GENERATED,READY_FOR_APPROVAL,H0_PREPARATION
INTEGRATION_GENERATED,docs/delivery-provenance/v10.1/integration/AZPR-v10.1-integration-plan.md,0491d8c4feeafbc6cf8ad31d5587bc4d542038a21762ee845757ea0e018aa270,REPOSITORY_DOCUMENTATION,,docs/delivery-provenance/v10.1/integration/AZPR-v10.1-integration-plan.md,ADD,NONE,"Preparation-only safeguard, provenance, dependency, or validation artifact requested for mapping approval readiness.",ADR-0009; transition contract; no approval or activation side effect,SHA-256; repository tests; mapping-readiness assessment,Remove this exact preparation artifact before approval if the staged-hybrid decision is withdrawn.,NO,MAP-INTEGRATION-GENERATED,READY_FOR_APPROVAL,H0_PREPARATION
INTEGRATION_GENERATED,docs/delivery-provenance/v10.1/integration/AZPR-v10.1-integration-rollback-plan.md,08fc7f2cba1bceaa58e47c8e99391aaa58b276769d9bed6ad39b694fda605495,REPOSITORY_DOCUMENTATION,,docs/delivery-provenance/v10.1/integration/AZPR-v10.1-integration-rollback-plan.md,ADD,NONE,"Preparation-only safeguard, provenance, dependency, or validation artifact requested for mapping approval readiness.",ADR-0009; transition contract; no approval or activation side effect,SHA-256; repository tests; mapping-readiness assessment,Remove this exact preparation artifact before approval if the staged-hybrid decision is withdrawn.,NO,MAP-INTEGRATION-GENERATED,READY_FOR_APPROVAL,H0_PREPARATION
INTEGRATION_GENERATED,docs/delivery-provenance/v10.1/integration/AZPR-v10.1-staging-diff-report.md,927bcca3d67bdc7d332e820d8d0b08a4609c7e142dfa76fdafab7f66a0e46c43,REPOSITORY_DOCUMENTATION,,docs/delivery-provenance/v10.1/integration/AZPR-v10.1-staging-diff-report.md,ADD,NONE,"Preparation-only safeguard, provenance, dependency, or validation artifact requested for mapping approval readiness.",ADR-0009; transition contract; no approval or activation side effect,SHA-256; repository tests; mapping-readiness assessment,Remove this exact preparation artifact before approval if the staged-hybrid decision is withdrawn.,NO,MAP-INTEGRATION-GENERATED,READY_FOR_APPROVAL,H0_PREPARATION
INTEGRATION_GENERATED,docs/delivery-provenance/v10.1/integration/H0-baseline-reconciliation.md,79cb12681185b8b2e4158bce40bf7512d931a8e446aacc6517f6dfa519ceed2b,REPOSITORY_DOCUMENTATION,,docs/delivery-provenance/v10.1/integration/H0-baseline-reconciliation.md,ADD,NONE,"Preparation-only safeguard, provenance, dependency, or validation artifact requested for mapping approval readiness.",ADR-0009; transition contract; no approval or activation side effect,SHA-256; repository tests; mapping-readiness assessment,Remove this exact preparation artifact before approval if the staged-hybrid decision is withdrawn.,NO,MAP-INTEGRATION-GENERATED,READY_FOR_APPROVAL,H0_PREPARATION
INTEGRATION_GENERATED,docs/delivery-provenance/v10.1/integration/README.md,52db08a87045888e67ce29eb661ac0c3d6e354d01488f8595e9dceb590b143c7,REPOSITORY_DOCUMENTATION,,docs/delivery-provenance/v10.1/integration/README.md,ADD,NONE,"Preparation-only safeguard, provenance, dependency, or validation artifact requested for mapping approval readiness.",ADR-0009; transition contract; no approval or activation side effect,SHA-256; repository tests; mapping-readiness assessment,Remove this exact preparation artifact before approval if the staged-hybrid decision is withdrawn.,NO,MAP-INTEGRATION-GENERATED,READY_FOR_APPROVAL,H0_PREPARATION
INTEGRATION_GENERATED,docs/delivery-provenance/v10.1/integration/historical-prequalification/AZPR-v10.1-integration-path-mapping.prequalification-527.csv,c84d45f86093ff3892113a11128b3c79c1b3a29500d92e4e22b4b0581f11b68b,REPOSITORY_DOCUMENTATION,,docs/delivery-provenance/v10.1/integration/historical-prequalification/AZPR-v10.1-integration-path-mapping.prequalification-527.csv,ADD,NONE,"Preparation-only safeguard, provenance, dependency, or validation artifact requested for mapping approval readiness.",ADR-0009; transition contract; no approval or activation side effect,SHA-256; repository tests; mapping-readiness assessment,Remove this exact preparation artifact before approval if the staged-hybrid decision is withdrawn.,NO,MAP-INTEGRATION-GENERATED,READY_FOR_APPROVAL,H0_PREPARATION
INTEGRATION_GENERATED,docs/delivery-provenance/v10.1/integration/historical-prequalification/README.md,a7fe23129bb790838d1234f43b75ea290cc12299afcc6b279466c609b93dad49,REPOSITORY_DOCUMENTATION,,docs/delivery-provenance/v10.1/integration/historical-prequalification/README.md,ADD,NONE,"Preparation-only safeguard, provenance, dependency, or validation artifact requested for mapping approval readiness.",ADR-0009; transition contract; no approval or activation side effect,SHA-256; repository tests; mapping-readiness assessment,Remove this exact preparation artifact before approval if the staged-hybrid decision is withdrawn.,NO,MAP-INTEGRATION-GENERATED,READY_FOR_APPROVAL,H0_PREPARATION
INTEGRATION_GENERATED,docs/delivery-provenance/v10.1/validation/AZPR-v10.1-staging-validation.json,06b40f225a95972fc1dfc25316b5997d337556322fe7401a57a484fc012f086d,REPOSITORY_DOCUMENTATION,,docs/delivery-provenance/v10.1/validation/AZPR-v10.1-staging-validation.json,ADD,NONE,"Preparation-only safeguard, provenance, dependency, or validation artifact requested for mapping approval readiness.",ADR-0009; transition contract; no approval or activation side effect,SHA-256; repository tests; mapping-readiness assessment,Remove this exact preparation artifact before approval if the staged-hybrid decision is withdrawn.,NO,MAP-INTEGRATION-GENERATED,READY_FOR_APPROVAL,H0_PREPARATION
INTEGRATION_GENERATED,docs/delivery-provenance/v10.1/validation/AZPR-v10.1-system-integration-handoff-summary.md,143e1e204adc7c90893029f534164fc593b3e2c20894104210433ea13934ab87,REPOSITORY_DOCUMENTATION,,docs/delivery-provenance/v10.1/validation/AZPR-v10.1-system-integration-handoff-summary.md,ADD,NONE,"Preparation-only safeguard, provenance, dependency, or validation artifact requested for mapping approval readiness.",ADR-0009; transition contract; no approval or activation side effect,SHA-256; repository tests; mapping-readiness assessment,Remove this exact preparation artifact before approval if the staged-hybrid decision is withdrawn.,NO,MAP-INTEGRATION-GENERATED,READY_FOR_APPROVAL,H0_PREPARATION
INTEGRATION_GENERATED,docs/delivery-provenance/v10.1/validation/README.md,c4ecfd0e92be3638b3d25d436f9113edc7e070b431e4aac073c54b6236b512d7,REPOSITORY_DOCUMENTATION,,docs/delivery-provenance/v10.1/validation/README.md,ADD,NONE,"Preparation-only safeguard, provenance, dependency, or validation artifact requested for mapping approval readiness.",ADR-0009; transition contract; no approval or activation side effect,SHA-256; repository tests; mapping-readiness assessment,Remove this exact preparation artifact before approval if the staged-hybrid decision is withdrawn.,NO,MAP-INTEGRATION-GENERATED,READY_FOR_APPROVAL,H0_PREPARATION
INTEGRATION_GENERATED,docs/delivery-provenance/v10.1/validation/candidate-file-inventory.sha256,df404f1766797cdcf915280605e5d267732d092fa8b5fe09be35bda0d168325c,REPOSITORY_DOCUMENTATION,,docs/delivery-provenance/v10.1/validation/candidate-file-inventory.sha256,ADD,NONE,"Preparation-only safeguard, provenance, dependency, or validation artifact requested for mapping approval readiness.",ADR-0009; transition contract; no approval or activation side effect,SHA-256; repository tests; mapping-readiness assessment,Remove this exact preparation artifact before approval if the staged-hybrid decision is withdrawn.,NO,MAP-INTEGRATION-GENERATED,READY_FOR_APPROVAL,H0_PREPARATION
INTEGRATION_GENERATED,docs/delivery-provenance/v10.1/validation/delivery-verifier-attempts.json,a64b0ca45eee5f8d1ea97feb199d110ff507bb54dbf0d419b476d8592009a4d9,REPOSITORY_DOCUMENTATION,,docs/delivery-provenance/v10.1/validation/delivery-verifier-attempts.json,ADD,NONE,"Preparation-only safeguard, provenance, dependency, or validation artifact requested for mapping approval readiness.",ADR-0009; transition contract; no approval or activation side effect,SHA-256; repository tests; mapping-readiness assessment,Remove this exact preparation artifact before approval if the staged-hybrid decision is withdrawn.,NO,MAP-INTEGRATION-GENERATED,READY_FOR_APPROVAL,H0_PREPARATION
INTEGRATION_GENERATED,docs/delivery-provenance/v10.1/validation/historical-macos/README.md,a7288fa4dea983cafbbe746addcfea4229527dd30c77b4b71202567097665c3a,REPOSITORY_DOCUMENTATION,,docs/delivery-provenance/v10.1/validation/historical-macos/README.md,ADD,NONE,"Preparation-only safeguard, provenance, dependency, or validation artifact requested for mapping approval readiness.",ADR-0009; transition contract; no approval or activation side effect,SHA-256; repository tests; mapping-readiness assessment,Remove this exact preparation artifact before approval if the staged-hybrid decision is withdrawn.,NO,MAP-INTEGRATION-GENERATED,READY_FOR_APPROVAL,H0_PREPARATION
INTEGRATION_GENERATED,docs/delivery-provenance/v10.1/validation/historical-macos/delivery-verifier-attempts.json,6529e4b346c3215d8cd51f7d8541eb9ac1b5f992872dad3ef7c4337b7e23b452,REPOSITORY_DOCUMENTATION,,docs/delivery-provenance/v10.1/validation/historical-macos/delivery-verifier-attempts.json,ADD,NONE,"Preparation-only safeguard, provenance, dependency, or validation artifact requested for mapping approval readiness.",ADR-0009; transition contract; no approval or activation side effect,SHA-256; repository tests; mapping-readiness assessment,Remove this exact preparation artifact before approval if the staged-hybrid decision is withdrawn.,NO,MAP-INTEGRATION-GENERATED,READY_FOR_APPROVAL,H0_PREPARATION
INTEGRATION_GENERATED,docs/delivery-provenance/v10.1/validation/historical-macos/offline-wheelhouse-bundle.json,a9c1f6f47985a4b2e08b6467a2c48707e01661af2e4ec6242867ab2dc74d81ab,REPOSITORY_DOCUMENTATION,,docs/delivery-provenance/v10.1/validation/historical-macos/offline-wheelhouse-bundle.json,ADD,NONE,"Preparation-only safeguard, provenance, dependency, or validation artifact requested for mapping approval readiness.",ADR-0009; transition contract; no approval or activation side effect,SHA-256; repository tests; mapping-readiness assessment,Remove this exact preparation artifact before approval if the staged-hybrid decision is withdrawn.,NO,MAP-INTEGRATION-GENERATED,READY_FOR_APPROVAL,H0_PREPARATION
INTEGRATION_GENERATED,docs/delivery-provenance/v10.1/validation/historical-macos/python-runtime-manifest.json,cca03233ef4fec34058a3086b7876e136c82d9163c34716d71fc25514692c0de,REPOSITORY_DOCUMENTATION,,docs/delivery-provenance/v10.1/validation/historical-macos/python-runtime-manifest.json,ADD,NONE,"Preparation-only safeguard, provenance, dependency, or validation artifact requested for mapping approval readiness.",ADR-0009; transition contract; no approval or activation side effect,SHA-256; repository tests; mapping-readiness assessment,Remove this exact preparation artifact before approval if the staged-hybrid decision is withdrawn.,NO,MAP-INTEGRATION-GENERATED,READY_FOR_APPROVAL,H0_PREPARATION
INTEGRATION_GENERATED,docs/delivery-provenance/v10.1/validation/historical-macos/raw/fresh-extraction-full-suite.stderr.txt,e3b0c44298fc1c149afbf4c8996fb92427ae41e4649b934ca495991b7852b855,REPOSITORY_DOCUMENTATION,,docs/delivery-provenance/v10.1/validation/historical-macos/raw/fresh-extraction-full-suite.stderr.txt,ADD,NONE,"Preparation-only safeguard, provenance, dependency, or validation artifact requested for mapping approval readiness.",ADR-0009; transition contract; no approval or activation side effect,SHA-256; repository tests; mapping-readiness assessment,Remove this exact preparation artifact before approval if the staged-hybrid decision is withdrawn.,NO,MAP-INTEGRATION-GENERATED,READY_FOR_APPROVAL,H0_PREPARATION
INTEGRATION_GENERATED,docs/delivery-provenance/v10.1/validation/historical-macos/raw/fresh-extraction-full-suite.stdout.txt,67a1728c516de1db7c6efa889fd8de949b9c9c0540216c5eacc7541dfa8fb939,REPOSITORY_DOCUMENTATION,,docs/delivery-provenance/v10.1/validation/historical-macos/raw/fresh-extraction-full-suite.stdout.txt,ADD,NONE,"Preparation-only safeguard, provenance, dependency, or validation artifact requested for mapping approval readiness.",ADR-0009; transition contract; no approval or activation side effect,SHA-256; repository tests; mapping-readiness assessment,Remove this exact preparation artifact before approval if the staged-hybrid decision is withdrawn.,NO,MAP-INTEGRATION-GENERATED,READY_FOR_APPROVAL,H0_PREPARATION
INTEGRATION_GENERATED,docs/delivery-provenance/v10.1/validation/historical-macos/raw/fresh-extraction-verifier.stderr.txt,4aa5795d211bba0f5ef749581e192a81e9fe9724de29051874d618949ec087f2,REPOSITORY_DOCUMENTATION,,docs/delivery-provenance/v10.1/validation/historical-macos/raw/fresh-extraction-verifier.stderr.txt,ADD,NONE,"Preparation-only safeguard, provenance, dependency, or validation artifact requested for mapping approval readiness.",ADR-0009; transition contract; no approval or activation side effect,SHA-256; repository tests; mapping-readiness assessment,Remove this exact preparation artifact before approval if the staged-hybrid decision is withdrawn.,NO,MAP-INTEGRATION-GENERATED,READY_FOR_APPROVAL,H0_PREPARATION
INTEGRATION_GENERATED,docs/delivery-provenance/v10.1/validation/historical-macos/raw/fresh-extraction-verifier.stdout.txt,e1c4b4ff485adcd8992ab7f493e64fc304a64b2ba864381adfbb5ed5e21ac1b6,REPOSITORY_DOCUMENTATION,,docs/delivery-provenance/v10.1/validation/historical-macos/raw/fresh-extraction-verifier.stdout.txt,ADD,NONE,"Preparation-only safeguard, provenance, dependency, or validation artifact requested for mapping approval readiness.",ADR-0009; transition contract; no approval or activation side effect,SHA-256; repository tests; mapping-readiness assessment,Remove this exact preparation artifact before approval if the staged-hybrid decision is withdrawn.,NO,MAP-INTEGRATION-GENERATED,READY_FOR_APPROVAL,H0_PREPARATION
INTEGRATION_GENERATED,docs/delivery-provenance/v10.1/validation/historical-macos/raw/source-tree-full-suite.stderr.txt,e3b0c44298fc1c149afbf4c8996fb92427ae41e4649b934ca495991b7852b855,REPOSITORY_DOCUMENTATION,,docs/delivery-provenance/v10.1/validation/historical-macos/raw/source-tree-full-suite.stderr.txt,ADD,NONE,"Preparation-only safeguard, provenance, dependency, or validation artifact requested for mapping approval readiness.",ADR-0009; transition contract; no approval or activation side effect,SHA-256; repository tests; mapping-readiness assessment,Remove this exact preparation artifact before approval if the staged-hybrid decision is withdrawn.,NO,MAP-INTEGRATION-GENERATED,READY_FOR_APPROVAL,H0_PREPARATION
INTEGRATION_GENERATED,docs/delivery-provenance/v10.1/validation/historical-macos/raw/source-tree-full-suite.stdout.txt,db67307d71c24e6366239f6bf2171d6bd192c9a54b112270a9997af8668c6254,REPOSITORY_DOCUMENTATION,,docs/delivery-provenance/v10.1/validation/historical-macos/raw/source-tree-full-suite.stdout.txt,ADD,NONE,"Preparation-only safeguard, provenance, dependency, or validation artifact requested for mapping approval readiness.",ADR-0009; transition contract; no approval or activation side effect,SHA-256; repository tests; mapping-readiness assessment,Remove this exact preparation artifact before approval if the staged-hybrid decision is withdrawn.,NO,MAP-INTEGRATION-GENERATED,READY_FOR_APPROVAL,H0_PREPARATION
INTEGRATION_GENERATED,docs/delivery-provenance/v10.1/validation/historical-macos/raw/source-tree-verifier.stderr.txt,4aa5795d211bba0f5ef749581e192a81e9fe9724de29051874d618949ec087f2,REPOSITORY_DOCUMENTATION,,docs/delivery-provenance/v10.1/validation/historical-macos/raw/source-tree-verifier.stderr.txt,ADD,NONE,"Preparation-only safeguard, provenance, dependency, or validation artifact requested for mapping approval readiness.",ADR-0009; transition contract; no approval or activation side effect,SHA-256; repository tests; mapping-readiness assessment,Remove this exact preparation artifact before approval if the staged-hybrid decision is withdrawn.,NO,MAP-INTEGRATION-GENERATED,READY_FOR_APPROVAL,H0_PREPARATION
INTEGRATION_GENERATED,docs/delivery-provenance/v10.1/validation/historical-macos/raw/source-tree-verifier.stdout.txt,e1c4b4ff485adcd8992ab7f493e64fc304a64b2ba864381adfbb5ed5e21ac1b6,REPOSITORY_DOCUMENTATION,,docs/delivery-provenance/v10.1/validation/historical-macos/raw/source-tree-verifier.stdout.txt,ADD,NONE,"Preparation-only safeguard, provenance, dependency, or validation artifact requested for mapping approval readiness.",ADR-0009; transition contract; no approval or activation side effect,SHA-256; repository tests; mapping-readiness assessment,Remove this exact preparation artifact before approval if the staged-hybrid decision is withdrawn.,NO,MAP-INTEGRATION-GENERATED,READY_FOR_APPROVAL,H0_PREPARATION
INTEGRATION_GENERATED,docs/delivery-provenance/v10.1/validation/historical-macos/requirements-validation.in,187dfa3693c92b5a9b068e05e8a9aa18c1fefb578e9e0427cee00e83e93b98d4,REPOSITORY_DOCUMENTATION,,docs/delivery-provenance/v10.1/validation/historical-macos/requirements-validation.in,ADD,NONE,"Preparation-only safeguard, provenance, dependency, or validation artifact requested for mapping approval readiness.",ADR-0009; transition contract; no approval or activation side effect,SHA-256; repository tests; mapping-readiness assessment,Remove this exact preparation artifact before approval if the staged-hybrid decision is withdrawn.,NO,MAP-INTEGRATION-GENERATED,READY_FOR_APPROVAL,H0_PREPARATION
INTEGRATION_GENERATED,docs/delivery-provenance/v10.1/validation/historical-macos/requirements-validation.lock,5057a612639515c54d2b7cb09a3f1995b6d5e171b6a5dc85f10553ee6b67d5e3,REPOSITORY_DOCUMENTATION,,docs/delivery-provenance/v10.1/validation/historical-macos/requirements-validation.lock,ADD,NONE,"Preparation-only safeguard, provenance, dependency, or validation artifact requested for mapping approval readiness.",ADR-0009; transition contract; no approval or activation side effect,SHA-256; repository tests; mapping-readiness assessment,Remove this exact preparation artifact before approval if the staged-hybrid decision is withdrawn.,NO,MAP-INTEGRATION-GENERATED,READY_FOR_APPROVAL,H0_PREPARATION
INTEGRATION_GENERATED,docs/delivery-provenance/v10.1/validation/historical-macos/wheelhouse-manifest.json,3484ba560eb0461299ae7d751fe2b4f5ffc88abd78bdae27457f631b401ffef8,REPOSITORY_DOCUMENTATION,,docs/delivery-provenance/v10.1/validation/historical-macos/wheelhouse-manifest.json,ADD,NONE,"Preparation-only safeguard, provenance, dependency, or validation artifact requested for mapping approval readiness.",ADR-0009; transition contract; no approval or activation side effect,SHA-256; repository tests; mapping-readiness assessment,Remove this exact preparation artifact before approval if the staged-hybrid decision is withdrawn.,NO,MAP-INTEGRATION-GENERATED,READY_FOR_APPROVAL,H0_PREPARATION
INTEGRATION_GENERATED,docs/delivery-provenance/v10.1/validation/inventory-comparison.json,e9898a4716763e4995db3f0f29017cae2716b8d4bb4849ad2bebbd92878e5d90,REPOSITORY_DOCUMENTATION,,docs/delivery-provenance/v10.1/validation/inventory-comparison.json,ADD,NONE,"Preparation-only safeguard, provenance, dependency, or validation artifact requested for mapping approval readiness.",ADR-0009; transition contract; no approval or activation side effect,SHA-256; repository tests; mapping-readiness assessment,Remove this exact preparation artifact before approval if the staged-hybrid decision is withdrawn.,NO,MAP-INTEGRATION-GENERATED,READY_FOR_APPROVAL,H0_PREPARATION
INTEGRATION_GENERATED,docs/delivery-provenance/v10.1/validation/python-runtime-manifest.json,93de5336fb3fa26506f53961de2509461893b155008123c00cd3e4951a69895d,REPOSITORY_DOCUMENTATION,,docs/delivery-provenance/v10.1/validation/python-runtime-manifest.json,ADD,NONE,"Preparation-only safeguard, provenance, dependency, or validation artifact requested for mapping approval readiness.",ADR-0009; transition contract; no approval or activation side effect,SHA-256; repository tests; mapping-readiness assessment,Remove this exact preparation artifact before approval if the staged-hybrid decision is withdrawn.,NO,MAP-INTEGRATION-GENERATED,READY_FOR_APPROVAL,H0_PREPARATION
INTEGRATION_GENERATED,docs/delivery-provenance/v10.1/validation/raw/fresh-extraction-verifier.stderr.txt,e3b0c44298fc1c149afbf4c8996fb92427ae41e4649b934ca495991b7852b855,REPOSITORY_DOCUMENTATION,,docs/delivery-provenance/v10.1/validation/raw/fresh-extraction-verifier.stderr.txt,ADD,NONE,"Preparation-only safeguard, provenance, dependency, or validation artifact requested for mapping approval readiness.",ADR-0009; transition contract; no approval or activation side effect,SHA-256; repository tests; mapping-readiness assessment,Remove this exact preparation artifact before approval if the staged-hybrid decision is withdrawn.,NO,MAP-INTEGRATION-GENERATED,READY_FOR_APPROVAL,H0_PREPARATION
INTEGRATION_GENERATED,docs/delivery-provenance/v10.1/validation/raw/fresh-extraction-verifier.stdout.txt,3184352adeff8de2a61cc987fd66c02df524cfc75bf15b288e3ba04466601fae,REPOSITORY_DOCUMENTATION,,docs/delivery-provenance/v10.1/validation/raw/fresh-extraction-verifier.stdout.txt,ADD,NONE,"Preparation-only safeguard, provenance, dependency, or validation artifact requested for mapping approval readiness.",ADR-0009; transition contract; no approval or activation side effect,SHA-256; repository tests; mapping-readiness assessment,Remove this exact preparation artifact before approval if the staged-hybrid decision is withdrawn.,NO,MAP-INTEGRATION-GENERATED,READY_FOR_APPROVAL,H0_PREPARATION
INTEGRATION_GENERATED,docs/delivery-provenance/v10.1/validation/raw/network-before.txt,c8b856587af2bebcded5c892609c20079aad9da7726644db21a465f88ccc6c4b,REPOSITORY_DOCUMENTATION,,docs/delivery-provenance/v10.1/validation/raw/network-before.txt,ADD,NONE,"Preparation-only safeguard, provenance, dependency, or validation artifact requested for mapping approval readiness.",ADR-0009; transition contract; no approval or activation side effect,SHA-256; repository tests; mapping-readiness assessment,Remove this exact preparation artifact before approval if the staged-hybrid decision is withdrawn.,NO,MAP-INTEGRATION-GENERATED,READY_FOR_APPROVAL,H0_PREPARATION
INTEGRATION_GENERATED,docs/delivery-provenance/v10.1/validation/raw/network-disabled.txt,80636af7a83499f0e6f192f19d41fdcd8ec8e40a4579c1cc91f908350bbe6bbd,REPOSITORY_DOCUMENTATION,,docs/delivery-provenance/v10.1/validation/raw/network-disabled.txt,ADD,NONE,"Preparation-only safeguard, provenance, dependency, or validation artifact requested for mapping approval readiness.",ADR-0009; transition contract; no approval or activation side effect,SHA-256; repository tests; mapping-readiness assessment,Remove this exact preparation artifact before approval if the staged-hybrid decision is withdrawn.,NO,MAP-INTEGRATION-GENERATED,READY_FOR_APPROVAL,H0_PREPARATION
INTEGRATION_GENERATED,docs/delivery-provenance/v10.1/validation/raw/network-probe.stderr.txt,bfeda12f777b6c53ddd9443d5913a369ec5a0f22f7816321f2e1dd50d816efbc,REPOSITORY_DOCUMENTATION,,docs/delivery-provenance/v10.1/validation/raw/network-probe.stderr.txt,ADD,NONE,"Preparation-only safeguard, provenance, dependency, or validation artifact requested for mapping approval readiness.",ADR-0009; transition contract; no approval or activation side effect,SHA-256; repository tests; mapping-readiness assessment,Remove this exact preparation artifact before approval if the staged-hybrid decision is withdrawn.,NO,MAP-INTEGRATION-GENERATED,READY_FOR_APPROVAL,H0_PREPARATION
INTEGRATION_GENERATED,docs/delivery-provenance/v10.1/validation/raw/offline-verification-summary.txt,4a3bfa808a5dfa23429efddf4b2eb1fde1a2f326c37fc1ae919a7fc333d4432e,REPOSITORY_DOCUMENTATION,,docs/delivery-provenance/v10.1/validation/raw/offline-verification-summary.txt,ADD,NONE,"Preparation-only safeguard, provenance, dependency, or validation artifact requested for mapping approval readiness.",ADR-0009; transition contract; no approval or activation side effect,SHA-256; repository tests; mapping-readiness assessment,Remove this exact preparation artifact before approval if the staged-hybrid decision is withdrawn.,NO,MAP-INTEGRATION-GENERATED,READY_FOR_APPROVAL,H0_PREPARATION
INTEGRATION_GENERATED,docs/delivery-provenance/v10.1/validation/raw/source-tree-verifier.stderr.txt,e3b0c44298fc1c149afbf4c8996fb92427ae41e4649b934ca495991b7852b855,REPOSITORY_DOCUMENTATION,,docs/delivery-provenance/v10.1/validation/raw/source-tree-verifier.stderr.txt,ADD,NONE,"Preparation-only safeguard, provenance, dependency, or validation artifact requested for mapping approval readiness.",ADR-0009; transition contract; no approval or activation side effect,SHA-256; repository tests; mapping-readiness assessment,Remove this exact preparation artifact before approval if the staged-hybrid decision is withdrawn.,NO,MAP-INTEGRATION-GENERATED,READY_FOR_APPROVAL,H0_PREPARATION
INTEGRATION_GENERATED,docs/delivery-provenance/v10.1/validation/raw/source-tree-verifier.stdout.txt,056d91b6b4ca47ca1de9871eaaaee84e6405df8eda902db463b6e80749473afe,REPOSITORY_DOCUMENTATION,,docs/delivery-provenance/v10.1/validation/raw/source-tree-verifier.stdout.txt,ADD,NONE,"Preparation-only safeguard, provenance, dependency, or validation artifact requested for mapping approval readiness.",ADR-0009; transition contract; no approval or activation side effect,SHA-256; repository tests; mapping-readiness assessment,Remove this exact preparation artifact before approval if the staged-hybrid decision is withdrawn.,NO,MAP-INTEGRATION-GENERATED,READY_FOR_APPROVAL,H0_PREPARATION
INTEGRATION_GENERATED,docs/delivery-provenance/v10.1/validation/requirements-validation.in,3b2ef897e0d3ab52184d55a112a603be0d34b3b99285d189ddfaab7313cc4d3f,REPOSITORY_DOCUMENTATION,,docs/delivery-provenance/v10.1/validation/requirements-validation.in,ADD,NONE,"Preparation-only safeguard, provenance, dependency, or validation artifact requested for mapping approval readiness.",ADR-0009; transition contract; no approval or activation side effect,SHA-256; repository tests; mapping-readiness assessment,Remove this exact preparation artifact before approval if the staged-hybrid decision is withdrawn.,NO,MAP-INTEGRATION-GENERATED,READY_FOR_APPROVAL,H0_PREPARATION
INTEGRATION_GENERATED,docs/delivery-provenance/v10.1/validation/requirements-validation.lock,2d96bd0da4b7b5f0414ce5510d1ae45f2a1c5437d72a83b24b1bfa87b32127d7,REPOSITORY_DOCUMENTATION,,docs/delivery-provenance/v10.1/validation/requirements-validation.lock,ADD,NONE,"Preparation-only safeguard, provenance, dependency, or validation artifact requested for mapping approval readiness.",ADR-0009; transition contract; no approval or activation side effect,SHA-256; repository tests; mapping-readiness assessment,Remove this exact preparation artifact before approval if the staged-hybrid decision is withdrawn.,NO,MAP-INTEGRATION-GENERATED,READY_FOR_APPROVAL,H0_PREPARATION
INTEGRATION_GENERATED,docs/delivery-provenance/v10.1/validation/wheelhouse-manifest.json,3098b92c11fd03c3603f3756616128b36977c4e0d592aca686a433105da2ac81,REPOSITORY_DOCUMENTATION,,docs/delivery-provenance/v10.1/validation/wheelhouse-manifest.json,ADD,NONE,"Preparation-only safeguard, provenance, dependency, or validation artifact requested for mapping approval readiness.",ADR-0009; transition contract; no approval or activation side effect,SHA-256; repository tests; mapping-readiness assessment,Remove this exact preparation artifact before approval if the staged-hybrid decision is withdrawn.,NO,MAP-INTEGRATION-GENERATED,READY_FOR_APPROVAL,H0_PREPARATION
INTEGRATION_GENERATED,scripts/check_v10_1_mapping_readiness.py,80c77c7d71ca9ea77a822b213b41094e651332f822773ccbf02e9c8b5ddb328f,REPOSITORY_AUTOMATION,,scripts/check_v10_1_mapping_readiness.py,ADD,NONE,"Preparation-only safeguard, provenance, dependency, or validation artifact requested for mapping approval readiness.",ADR-0009; transition contract; no approval or activation side effect,SHA-256; repository tests; mapping-readiness assessment,Remove this exact preparation artifact before approval if the staged-hybrid decision is withdrawn.,NO,MAP-INTEGRATION-GENERATED,READY_FOR_APPROVAL,H0_PREPARATION
INTEGRATION_GENERATED,scripts/check_v10_1_prompt_stage_pack.py,a36e10346194efad21c52fe3ea37320db38e227ab935fca931dee3548e7b97d2,REPOSITORY_AUTOMATION,,scripts/check_v10_1_prompt_stage_pack.py,ADD,NONE,"Preparation-only safeguard, provenance, dependency, or validation artifact requested for mapping approval readiness.",ADR-0009; transition contract; no approval or activation side effect,SHA-256; repository tests; mapping-readiness assessment,Remove this exact preparation artifact before approval if the staged-hybrid decision is withdrawn.,NO,MAP-INTEGRATION-GENERATED,READY_FOR_APPROVAL,H0_PREPARATION
INTEGRATION_GENERATED,scripts/prepare_v10_1_mapping.py,06943b6218d00b8ef064fc7b5f230413e256aa80eb7da3380dac1e84a796875a,REPOSITORY_AUTOMATION,,scripts/prepare_v10_1_mapping.py,ADD,NONE,"Preparation-only safeguard, provenance, dependency, or validation artifact requested for mapping approval readiness.",ADR-0009; transition contract; no approval or activation side effect,SHA-256; repository tests; mapping-readiness assessment,Remove this exact preparation artifact before approval if the staged-hybrid decision is withdrawn.,NO,MAP-INTEGRATION-GENERATED,READY_FOR_APPROVAL,H0_PREPARATION
INTEGRATION_GENERATED,tests/test_v10_1_mapping_readiness.py,99ae185917d609a8c228481742646704f8e963897915b54e4c1dba1399e6669e,REPOSITORY_TEST,,tests/test_v10_1_mapping_readiness.py,ADD,NONE,"Preparation-only safeguard, provenance, dependency, or validation artifact requested for mapping approval readiness.",ADR-0009; transition contract; no approval or activation side effect,SHA-256; repository tests; mapping-readiness assessment,Remove this exact preparation artifact before approval if the staged-hybrid decision is withdrawn.,NO,MAP-INTEGRATION-GENERATED,READY_FOR_APPROVAL,H0_PREPARATION
INTEGRATION_GENERATED,tests/test_v10_1_prompt_stage_pack.py,6f7c90125ddb1d59dea9ff5939e2c92e2353b43f87d05eebacf63f9b34945a11,REPOSITORY_TEST,,tests/test_v10_1_prompt_stage_pack.py,ADD,NONE,"Preparation-only safeguard, provenance, dependency, or validation artifact requested for mapping approval readiness.",ADR-0009; transition contract; no approval or activation side effect,SHA-256; repository tests; mapping-readiness assessment,Remove this exact preparation artifact before approval if the staged-hybrid decision is withdrawn.,NO,MAP-INTEGRATION-GENERATED,READY_FOR_APPROVAL,H0_PREPARATION
